campaign_id,lead_id,email_template,scheduled_time,sent_time,delivery_status,opened,replied,reply_time,follow_up_required
CAM00001,L00001,IT Consulting,05-01-2026 09:00,05-01-2026 09:13,Delivered,0,0,,0
CAM00002,L00002,Data Engineering,05-01-2026 14:00,05-01-2026 14:00,Delivered,0,0,,0
CAM00003,L00003,Oracle Services,05-01-2026 19:00,05-01-2026 19:12,Delivered,1,0,,0
CAM00004,L00004,IT Consulting,06-01-2026 00:00,06-01-2026 00:11,Delivered,1,0,,0
CAM00005,L00005,IT Consulting,06-01-2026 05:00,06-01-2026 05:11,Delivered,1,0,,0
CAM00006,L00006,Database Modernization,06-01-2026 10:00,06-01-2026 10:02,Delivered,1,1,06-01-2026 19:02,1
CAM00007,L00007,Database Modernization,06-01-2026 15:00,06-01-2026 15:13,Delivered,1,0,,0
CAM00008,L00008,Oracle Services,06-01-2026 20:00,06-01-2026 20:08,Delivered,0,0,,0
CAM00009,L00009,IT Consulting,07-01-2026 01:00,07-01-2026 01:06,Delivered,1,0,,0
CAM00010,L00010,IT Consulting,07-01-2026 06:00,07-01-2026 06:10,Delivered,1,0,,0
CAM00011,L00011,Oracle Services,07-01-2026 11:00,07-01-2026 11:05,Delivered,0,0,,0
CAM00012,L00012,Data Engineering,07-01-2026 16:00,07-01-2026 16:04,Delivered,0,0,,0
CAM00013,L00013,Database Modernization,07-01-2026 21:00,07-01-2026 21:04,Delivered,1,0,,0
CAM00014,L00014,Data Engineering,08-01-2026 02:00,08-01-2026 02:08,Delivered,1,0,,0
CAM00015,L00015,Oracle Services,08-01-2026 07:00,08-01-2026 07:09,Bounced,0,0,,0
CAM00016,L00016,IT Consulting,08-01-2026 12:00,08-01-2026 12:03,Delivered,1,0,,0
CAM00017,L00017,Database Modernization,08-01-2026 17:00,08-01-2026 17:03,Delivered,0,0,,0
CAM00018,L00018,IT Consulting,08-01-2026 22:00,08-01-2026 22:14,Delivered,0,0,,0
CAM00019,L00019,Oracle Services,09-01-2026 03:00,09-01-2026 03:07,Delivered,1,0,,0
CAM00020,L00020,Data Engineering,09-01-2026 08:00,09-01-2026 08:12,Delivered,0,0,,0
CAM00021,L00021,Database Modernization,09-01-2026 13:00,09-01-2026 13:04,Delivered,1,0,,0
CAM00022,L00022,IT Consulting,09-01-2026 18:00,09-01-2026 18:04,Failed,0,0,,0
CAM00023,L00023,Data Engineering,09-01-2026 23:00,09-01-2026 23:04,Delivered,1,0,,0
CAM00024,L00024,Data Engineering,10-01-2026 04:00,10-01-2026 04:07,Delivered,0,0,,0
CAM00025,L00025,Oracle Services,10-01-2026 09:00,10-01-2026 09:11,Delivered,1,0,,0
CAM00026,L00026,Data Engineering,10-01-2026 14:00,10-01-2026 14:07,Delivered,1,0,,0
CAM00027,L00027,Oracle Services,10-01-2026 19:00,10-01-2026 19:04,Delivered,0,0,,0
CAM00028,L00028,Database Modernization,11-01-2026 00:00,11-01-2026 00:14,Delivered,1,0,,0
CAM00029,L00029,Oracle Services,11-01-2026 05:00,11-01-2026 05:08,Delivered,0,0,,0
CAM00030,L00030,Oracle Services,11-01-2026 10:00,11-01-2026 10:05,Delivered,0,0,,0
CAM00031,L00031,Data Engineering,11-01-2026 15:00,11-01-2026 15:00,Delivered,0,0,,0
CAM00032,L00032,Oracle Services,11-01-2026 20:00,11-01-2026 20:08,Delivered,0,0,,0
CAM00033,L00033,Data Engineering,12-01-2026 01:00,12-01-2026 01:09,Delivered,0,0,,0
CAM00034,L00034,IT Consulting,12-01-2026 06:00,12-01-2026 06:13,Delivered,1,0,,0
CAM00035,L00035,Oracle Services,12-01-2026 11:00,12-01-2026 11:03,Delivered,0,0,,0
CAM00036,L00036,Data Engineering,12-01-2026 16:00,12-01-2026 16:02,Delivered,0,0,,0
CAM00037,L00037,Database Modernization,12-01-2026 21:00,12-01-2026 21:14,Delivered,0,0,,0
CAM00038,L00038,Database Modernization,13-01-2026 02:00,13-01-2026 02:08,Delivered,0,0,,0
CAM00039,L00039,Data Engineering,13-01-2026 07:00,13-01-2026 07:00,Delivered,0,0,,0
CAM00040,L00040,Data Engineering,13-01-2026 12:00,13-01-2026 12:01,Delivered,0,0,,0
CAM00041,L00041,Data Engineering,13-01-2026 17:00,13-01-2026 17:07,Delivered,1,0,,0
CAM00042,L00042,Oracle Services,13-01-2026 22:00,13-01-2026 22:09,Delivered,0,0,,0
CAM00043,L00043,Data Engineering,14-01-2026 03:00,14-01-2026 03:03,Delivered,0,0,,0
CAM00044,L00044,Database Modernization,14-01-2026 08:00,14-01-2026 08:05,Delivered,0,0,,0
CAM00045,L00045,Database Modernization,14-01-2026 13:00,14-01-2026 13:11,Delivered,1,0,,0
CAM00046,L00046,IT Consulting,14-01-2026 18:00,14-01-2026 18:14,Delivered,1,0,,0
CAM00047,L00047,Oracle Services,14-01-2026 23:00,14-01-2026 23:07,Delivered,0,0,,0
CAM00048,L00048,Database Modernization,15-01-2026 04:00,15-01-2026 04:06,Delivered,1,0,,0
CAM00049,L00049,Database Modernization,15-01-2026 09:00,15-01-2026 09:05,Failed,0,0,,0
CAM00050,L00050,Oracle Services,15-01-2026 14:00,15-01-2026 14:02,Delivered,0,0,,0
CAM00051,L00051,IT Consulting,15-01-2026 19:00,15-01-2026 19:00,Delivered,1,0,,0
CAM00052,L00052,Database Modernization,16-01-2026 00:00,16-01-2026 00:12,Delivered,1,0,,0
CAM00053,L00053,Data Engineering,16-01-2026 05:00,16-01-2026 05:00,Delivered,0,0,,0
CAM00054,L00054,Database Modernization,16-01-2026 10:00,16-01-2026 10:12,Delivered,1,0,,0
CAM00055,L00055,IT Consulting,16-01-2026 15:00,16-01-2026 15:03,Delivered,0,0,,0
CAM00056,L00056,Data Engineering,16-01-2026 20:00,16-01-2026 20:10,Delivered,1,0,,0
CAM00057,L00057,Database Modernization,17-01-2026 01:00,17-01-2026 01:14,Delivered,1,0,,0
CAM00058,L00058,IT Consulting,17-01-2026 06:00,17-01-2026 06:11,Failed,0,0,,0
CAM00059,L00059,IT Consulting,17-01-2026 11:00,17-01-2026 11:10,Delivered,0,0,,0
CAM00060,L00060,Data Engineering,17-01-2026 16:00,17-01-2026 16:03,Delivered,0,0,,0
CAM00061,L00061,Oracle Services,17-01-2026 21:00,17-01-2026 21:08,Delivered,0,0,,0
CAM00062,L00062,Data Engineering,18-01-2026 02:00,18-01-2026 02:09,Delivered,0,0,,0
CAM00063,L00063,Data Engineering,18-01-2026 07:00,18-01-2026 07:06,Delivered,0,0,,0
CAM00064,L00064,Database Modernization,18-01-2026 12:00,18-01-2026 12:00,Delivered,1,0,,0
CAM00065,L00065,Oracle Services,18-01-2026 17:00,18-01-2026 17:13,Delivered,0,0,,0
CAM00066,L00066,Data Engineering,18-01-2026 22:00,18-01-2026 22:02,Delivered,0,0,,0
CAM00067,L00067,IT Consulting,19-01-2026 03:00,19-01-2026 03:14,Delivered,1,0,,0
CAM00068,L00068,Database Modernization,19-01-2026 08:00,19-01-2026 08:13,Delivered,0,0,,0
CAM00069,L00069,Database Modernization,19-01-2026 13:00,19-01-2026 13:00,Delivered,1,0,,0
CAM00070,L00070,Oracle Services,19-01-2026 18:00,19-01-2026 18:11,Delivered,1,0,,0
CAM00071,L00071,Data Engineering,19-01-2026 23:00,19-01-2026 23:09,Delivered,0,0,,0
CAM00072,L00072,IT Consulting,20-01-2026 04:00,20-01-2026 04:03,Delivered,0,0,,0
CAM00073,L00073,IT Consulting,20-01-2026 09:00,20-01-2026 09:12,Delivered,1,0,,0
CAM00074,L00074,Database Modernization,20-01-2026 14:00,20-01-2026 14:01,Delivered,0,0,,0
CAM00075,L00075,Oracle Services,20-01-2026 19:00,20-01-2026 19:03,Delivered,1,0,,0
CAM00076,L00076,Database Modernization,21-01-2026 00:00,21-01-2026 00:14,Delivered,0,0,,0
CAM00077,L00077,IT Consulting,21-01-2026 05:00,21-01-2026 05:11,Delivered,0,0,,0
CAM00078,L00078,Oracle Services,21-01-2026 10:00,21-01-2026 10:01,Delivered,1,0,,0
CAM00079,L00079,Oracle Services,21-01-2026 15:00,21-01-2026 15:02,Delivered,0,0,,0
CAM00080,L00080,IT Consulting,21-01-2026 20:00,21-01-2026 20:03,Delivered,0,0,,0
CAM00081,L00081,Data Engineering,22-01-2026 01:00,22-01-2026 01:01,Delivered,0,0,,0
CAM00082,L00082,Oracle Services,22-01-2026 06:00,22-01-2026 06:02,Delivered,1,0,,0
CAM00083,L00083,Oracle Services,22-01-2026 11:00,22-01-2026 11:08,Delivered,1,0,,0
CAM00084,L00084,Database Modernization,22-01-2026 16:00,22-01-2026 16:00,Delivered,0,0,,0
CAM00085,L00085,Data Engineering,22-01-2026 21:00,22-01-2026 21:04,Delivered,0,0,,0
CAM00086,L00086,IT Consulting,23-01-2026 02:00,23-01-2026 02:04,Delivered,0,0,,0
CAM00087,L00087,IT Consulting,23-01-2026 07:00,23-01-2026 07:14,Delivered,0,0,,0
CAM00088,L00088,Database Modernization,23-01-2026 12:00,23-01-2026 12:14,Delivered,0,0,,0
CAM00089,L00089,Database Modernization,23-01-2026 17:00,23-01-2026 17:12,Delivered,1,0,,0
CAM00090,L00090,IT Consulting,23-01-2026 22:00,23-01-2026 22:05,Delivered,0,0,,0
CAM00091,L00091,IT Consulting,24-01-2026 03:00,24-01-2026 03:07,Delivered,0,0,,0
CAM00092,L00092,Oracle Services,24-01-2026 08:00,24-01-2026 08:07,Delivered,1,0,,0
CAM00093,L00093,Data Engineering,24-01-2026 13:00,24-01-2026 13:12,Delivered,1,0,,0
CAM00094,L00094,Data Engineering,24-01-2026 18:00,24-01-2026 18:11,Delivered,0,0,,0
CAM00095,L00095,Oracle Services,24-01-2026 23:00,24-01-2026 23:13,Delivered,0,0,,0
CAM00096,L00096,IT Consulting,25-01-2026 04:00,25-01-2026 04:08,Delivered,0,0,,0
CAM00097,L00097,Database Modernization,25-01-2026 09:00,25-01-2026 09:13,Delivered,1,1,28-01-2026 10:13,0
CAM00098,L00098,Data Engineering,25-01-2026 14:00,25-01-2026 14:11,Delivered,0,0,,0
CAM00099,L00099,Database Modernization,25-01-2026 19:00,25-01-2026 19:11,Delivered,1,0,,0
CAM00100,L00100,Data Engineering,26-01-2026 00:00,26-01-2026 00:09,Bounced,0,0,,0
CAM00101,L00101,IT Consulting,26-01-2026 05:00,26-01-2026 05:05,Delivered,0,0,,0
CAM00102,L00102,Database Modernization,26-01-2026 10:00,26-01-2026 10:09,Delivered,0,0,,0
CAM00103,L00103,Database Modernization,26-01-2026 15:00,26-01-2026 15:05,Delivered,0,0,,0
CAM00104,L00104,IT Consulting,26-01-2026 20:00,26-01-2026 20:09,Delivered,0,0,,0
CAM00105,L00105,IT Consulting,27-01-2026 01:00,27-01-2026 01:03,Delivered,0,0,,0
CAM00106,L00106,IT Consulting,27-01-2026 06:00,27-01-2026 06:11,Delivered,1,0,,0
CAM00107,L00107,IT Consulting,27-01-2026 11:00,27-01-2026 11:08,Delivered,1,0,,0
CAM00108,L00108,Data Engineering,27-01-2026 16:00,27-01-2026 16:10,Delivered,0,0,,0
CAM00109,L00109,IT Consulting,27-01-2026 21:00,27-01-2026 21:03,Delivered,0,0,,0
CAM00110,L00110,IT Consulting,28-01-2026 02:00,28-01-2026 02:11,Delivered,1,0,,0
CAM00111,L00111,Oracle Services,28-01-2026 07:00,28-01-2026 07:12,Failed,0,0,,0
CAM00112,L00112,Data Engineering,28-01-2026 12:00,28-01-2026 12:02,Delivered,1,0,,0
CAM00113,L00113,Oracle Services,28-01-2026 17:00,28-01-2026 17:05,Delivered,1,1,29-01-2026 18:05,1
CAM00114,L00114,Data Engineering,28-01-2026 22:00,28-01-2026 22:10,Delivered,0,0,,0
CAM00115,L00115,Database Modernization,29-01-2026 03:00,29-01-2026 03:13,Delivered,1,0,,0
CAM00116,L00116,Database Modernization,29-01-2026 08:00,29-01-2026 08:11,Delivered,1,0,,0
CAM00117,L00117,IT Consulting,29-01-2026 13:00,29-01-2026 13:07,Delivered,0,0,,0
CAM00118,L00118,Data Engineering,29-01-2026 18:00,29-01-2026 18:04,Delivered,0,0,,0
CAM00119,L00119,Data Engineering,29-01-2026 23:00,29-01-2026 23:13,Delivered,1,0,,0
CAM00120,L00120,IT Consulting,30-01-2026 04:00,30-01-2026 04:13,Delivered,1,0,,0
CAM00121,L00121,Oracle Services,30-01-2026 09:00,30-01-2026 09:13,Delivered,1,0,,0
CAM00122,L00122,Data Engineering,30-01-2026 14:00,30-01-2026 14:04,Bounced,0,0,,0
CAM00123,L00123,Oracle Services,30-01-2026 19:00,30-01-2026 19:06,Delivered,1,0,,0
CAM00124,L00124,Oracle Services,31-01-2026 00:00,31-01-2026 00:03,Delivered,1,1,03-02-2026 16:03,0
CAM00125,L00125,Oracle Services,31-01-2026 05:00,31-01-2026 05:14,Delivered,1,0,,0
CAM00126,L00126,Data Engineering,31-01-2026 10:00,31-01-2026 10:13,Bounced,0,0,,0
CAM00127,L00127,Data Engineering,31-01-2026 15:00,31-01-2026 15:02,Delivered,1,0,,0
CAM00128,L00128,IT Consulting,31-01-2026 20:00,31-01-2026 20:03,Delivered,0,0,,0
CAM00129,L00129,Database Modernization,01-02-2026 01:00,01-02-2026 01:08,Delivered,1,1,01-02-2026 15:08,1
CAM00130,L00130,IT Consulting,01-02-2026 06:00,01-02-2026 06:06,Delivered,1,0,,0
CAM00131,L00131,Database Modernization,01-02-2026 11:00,01-02-2026 11:06,Delivered,0,0,,0
CAM00132,L00132,Oracle Services,01-02-2026 16:00,01-02-2026 16:05,Delivered,1,0,,0
CAM00133,L00133,Oracle Services,01-02-2026 21:00,01-02-2026 21:10,Delivered,0,0,,0
CAM00134,L00134,Oracle Services,02-02-2026 02:00,02-02-2026 02:13,Delivered,0,0,,0
CAM00135,L00135,Database Modernization,02-02-2026 07:00,02-02-2026 07:13,Delivered,0,0,,0
CAM00136,L00136,Database Modernization,02-02-2026 12:00,02-02-2026 12:06,Delivered,1,0,,0
CAM00137,L00137,IT Consulting,02-02-2026 17:00,02-02-2026 17:12,Delivered,0,0,,0
CAM00138,L00138,Oracle Services,02-02-2026 22:00,02-02-2026 22:10,Delivered,0,0,,0
CAM00139,L00139,Database Modernization,03-02-2026 03:00,03-02-2026 03:02,Delivered,1,0,,0
CAM00140,L00140,IT Consulting,03-02-2026 08:00,03-02-2026 08:11,Delivered,1,0,,0
CAM00141,L00141,Oracle Services,03-02-2026 13:00,03-02-2026 13:05,Delivered,1,0,,0
CAM00142,L00142,Database Modernization,03-02-2026 18:00,03-02-2026 18:09,Bounced,0,0,,0
CAM00143,L00143,Oracle Services,03-02-2026 23:00,03-02-2026 23:10,Delivered,1,0,,0
CAM00144,L00144,Data Engineering,04-02-2026 04:00,04-02-2026 04:14,Delivered,1,1,04-02-2026 23:14,1
CAM00145,L00145,IT Consulting,04-02-2026 09:00,04-02-2026 09:14,Delivered,0,0,,0
CAM00146,L00146,Oracle Services,04-02-2026 14:00,04-02-2026 14:12,Delivered,0,0,,0
CAM00147,L00147,Database Modernization,04-02-2026 19:00,04-02-2026 19:07,Delivered,1,0,,0
CAM00148,L00148,Database Modernization,05-02-2026 00:00,05-02-2026 00:06,Delivered,1,1,05-02-2026 06:06,1
CAM00149,L00149,IT Consulting,05-02-2026 05:00,05-02-2026 05:06,Delivered,1,1,05-02-2026 08:06,1
CAM00150,L00150,IT Consulting,05-02-2026 10:00,05-02-2026 10:14,Delivered,0,0,,0
CAM00151,L00151,Oracle Services,05-02-2026 15:00,05-02-2026 15:03,Delivered,1,0,,0
CAM00152,L00152,Database Modernization,05-02-2026 20:00,05-02-2026 20:07,Delivered,0,0,,0
CAM00153,L00153,IT Consulting,06-02-2026 01:00,06-02-2026 01:10,Delivered,1,0,,0
CAM00154,L00154,Oracle Services,06-02-2026 06:00,06-02-2026 06:00,Bounced,0,0,,0
CAM00155,L00155,IT Consulting,06-02-2026 11:00,06-02-2026 11:09,Delivered,1,0,,0
CAM00156,L00156,Oracle Services,06-02-2026 16:00,06-02-2026 16:03,Delivered,1,1,11-02-2026 14:03,0
CAM00157,L00157,Data Engineering,06-02-2026 21:00,06-02-2026 21:04,Delivered,0,0,,0
CAM00158,L00158,IT Consulting,07-02-2026 02:00,07-02-2026 02:09,Delivered,0,0,,0
CAM00159,L00159,Data Engineering,07-02-2026 07:00,07-02-2026 07:00,Delivered,1,0,,0
CAM00160,L00160,IT Consulting,07-02-2026 12:00,07-02-2026 12:02,Delivered,0,0,,0
CAM00161,L00161,Data Engineering,07-02-2026 17:00,07-02-2026 17:06,Delivered,1,0,,0
CAM00162,L00162,Oracle Services,07-02-2026 22:00,07-02-2026 22:08,Delivered,0,0,,0
CAM00163,L00163,Data Engineering,08-02-2026 03:00,08-02-2026 03:01,Delivered,1,0,,0
CAM00164,L00164,Data Engineering,08-02-2026 08:00,08-02-2026 08:05,Delivered,0,0,,0
CAM00165,L00165,Database Modernization,08-02-2026 13:00,08-02-2026 13:04,Delivered,1,0,,0
CAM00166,L00166,Oracle Services,08-02-2026 18:00,08-02-2026 18:08,Delivered,0,0,,0
CAM00167,L00167,Data Engineering,08-02-2026 23:00,08-02-2026 23:04,Delivered,0,0,,0
CAM00168,L00168,Data Engineering,09-02-2026 04:00,09-02-2026 04:00,Delivered,0,0,,0
CAM00169,L00169,IT Consulting,09-02-2026 09:00,09-02-2026 09:07,Delivered,0,0,,0
CAM00170,L00170,Oracle Services,09-02-2026 14:00,09-02-2026 14:12,Delivered,1,0,,0
CAM00171,L00171,Data Engineering,09-02-2026 19:00,09-02-2026 19:08,Delivered,0,0,,0
CAM00172,L00172,IT Consulting,10-02-2026 00:00,10-02-2026 00:05,Delivered,1,0,,0
CAM00173,L00173,IT Consulting,10-02-2026 05:00,10-02-2026 05:07,Delivered,0,0,,0
CAM00174,L00174,IT Consulting,10-02-2026 10:00,10-02-2026 10:02,Delivered,1,0,,0
CAM00175,L00175,Oracle Services,10-02-2026 15:00,10-02-2026 15:03,Delivered,1,0,,0
CAM00176,L00176,Oracle Services,10-02-2026 20:00,10-02-2026 20:06,Failed,0,0,,0
CAM00177,L00177,Data Engineering,11-02-2026 01:00,11-02-2026 01:08,Delivered,1,0,,0
CAM00178,L00178,Database Modernization,11-02-2026 06:00,11-02-2026 06:07,Delivered,0,0,,0
CAM00179,L00179,Oracle Services,11-02-2026 11:00,11-02-2026 11:14,Delivered,1,0,,0
CAM00180,L00180,Oracle Services,11-02-2026 16:00,11-02-2026 16:09,Delivered,0,0,,0
CAM00181,L00181,Oracle Services,11-02-2026 21:00,11-02-2026 21:00,Delivered,0,0,,0
CAM00182,L00182,Database Modernization,12-02-2026 02:00,12-02-2026 02:07,Delivered,0,0,,0
CAM00183,L00183,Data Engineering,12-02-2026 07:00,12-02-2026 07:08,Delivered,1,0,,0
CAM00184,L00184,Oracle Services,12-02-2026 12:00,12-02-2026 12:00,Failed,0,0,,0
CAM00185,L00185,Oracle Services,12-02-2026 17:00,12-02-2026 17:05,Delivered,1,1,15-02-2026 18:05,1
CAM00186,L00186,Database Modernization,12-02-2026 22:00,12-02-2026 22:13,Failed,0,0,,0
CAM00187,L00187,IT Consulting,13-02-2026 03:00,13-02-2026 03:05,Delivered,0,0,,0
CAM00188,L00188,IT Consulting,13-02-2026 08:00,13-02-2026 08:06,Delivered,1,0,,0
CAM00189,L00189,Database Modernization,13-02-2026 13:00,13-02-2026 13:03,Delivered,1,0,,0
CAM00190,L00190,Oracle Services,13-02-2026 18:00,13-02-2026 18:01,Delivered,1,0,,0
CAM00191,L00191,Oracle Services,13-02-2026 23:00,13-02-2026 23:04,Delivered,0,0,,0
CAM00192,L00192,IT Consulting,14-02-2026 04:00,14-02-2026 04:11,Delivered,1,1,16-02-2026 03:11,0
CAM00193,L00193,Database Modernization,14-02-2026 09:00,14-02-2026 09:14,Delivered,1,0,,0
CAM00194,L00194,Oracle Services,14-02-2026 14:00,14-02-2026 14:09,Delivered,1,0,,0
CAM00195,L00195,IT Consulting,14-02-2026 19:00,14-02-2026 19:12,Delivered,1,0,,0
CAM00196,L00196,Data Engineering,15-02-2026 00:00,15-02-2026 00:09,Delivered,0,0,,0
CAM00197,L00197,Database Modernization,15-02-2026 05:00,15-02-2026 05:09,Delivered,1,1,15-02-2026 22:09,0
CAM00198,L00198,Database Modernization,15-02-2026 10:00,15-02-2026 10:06,Delivered,0,0,,0
CAM00199,L00199,Oracle Services,15-02-2026 15:00,15-02-2026 15:00,Delivered,0,0,,0
CAM00200,L00200,IT Consulting,15-02-2026 20:00,15-02-2026 20:06,Delivered,0,0,,0
CAM00201,L00201,IT Consulting,16-02-2026 01:00,16-02-2026 01:12,Delivered,0,0,,0
CAM00202,L00202,Oracle Services,16-02-2026 06:00,16-02-2026 06:08,Bounced,0,0,,0
CAM00203,L00203,Data Engineering,16-02-2026 11:00,16-02-2026 11:11,Delivered,1,0,,0
CAM00204,L00204,Oracle Services,16-02-2026 16:00,16-02-2026 16:00,Delivered,0,0,,0
CAM00205,L00205,Database Modernization,16-02-2026 21:00,16-02-2026 21:03,Delivered,0,0,,0
CAM00206,L00206,Data Engineering,17-02-2026 02:00,17-02-2026 02:04,Delivered,0,0,,0
CAM00207,L00207,Oracle Services,17-02-2026 07:00,17-02-2026 07:05,Delivered,0,0,,0
CAM00208,L00208,Data Engineering,17-02-2026 12:00,17-02-2026 12:14,Delivered,1,0,,0
CAM00209,L00209,Oracle Services,17-02-2026 17:00,17-02-2026 17:06,Delivered,1,0,,0
CAM00210,L00210,Data Engineering,17-02-2026 22:00,17-02-2026 22:09,Delivered,1,0,,0
CAM00211,L00211,Database Modernization,18-02-2026 03:00,18-02-2026 03:09,Bounced,0,0,,0
CAM00212,L00212,Oracle Services,18-02-2026 08:00,18-02-2026 08:06,Delivered,1,0,,0
CAM00213,L00213,IT Consulting,18-02-2026 13:00,18-02-2026 13:14,Delivered,1,0,,0
CAM00214,L00214,Database Modernization,18-02-2026 18:00,18-02-2026 18:03,Delivered,0,0,,0
CAM00215,L00215,IT Consulting,18-02-2026 23:00,18-02-2026 23:00,Delivered,0,0,,0
CAM00216,L00216,IT Consulting,19-02-2026 04:00,19-02-2026 04:11,Delivered,0,0,,0
CAM00217,L00217,Oracle Services,19-02-2026 09:00,19-02-2026 09:09,Failed,0,0,,0
CAM00218,L00218,Data Engineering,19-02-2026 14:00,19-02-2026 14:03,Failed,0,0,,0
CAM00219,L00219,Database Modernization,19-02-2026 19:00,19-02-2026 19:13,Delivered,1,0,,0
CAM00220,L00220,Data Engineering,20-02-2026 00:00,20-02-2026 00:02,Delivered,0,0,,0
CAM00221,L00221,Data Engineering,20-02-2026 05:00,20-02-2026 05:03,Bounced,0,0,,0
CAM00222,L00222,Database Modernization,20-02-2026 10:00,20-02-2026 10:02,Delivered,0,0,,0
CAM00223,L00223,Data Engineering,20-02-2026 15:00,20-02-2026 15:02,Delivered,0,0,,0
CAM00224,L00224,Database Modernization,20-02-2026 20:00,20-02-2026 20:10,Delivered,0,0,,0
CAM00225,L00225,IT Consulting,21-02-2026 01:00,21-02-2026 01:10,Delivered,0,0,,0
CAM00226,L00226,IT Consulting,21-02-2026 06:00,21-02-2026 06:09,Delivered,0,0,,0
CAM00227,L00227,Oracle Services,21-02-2026 11:00,21-02-2026 11:12,Failed,0,0,,0
CAM00228,L00228,Data Engineering,21-02-2026 16:00,21-02-2026 16:01,Delivered,1,0,,0
CAM00229,L00229,IT Consulting,21-02-2026 21:00,21-02-2026 21:09,Delivered,1,0,,0
CAM00230,L00230,Oracle Services,22-02-2026 02:00,22-02-2026 02:01,Delivered,1,0,,0
CAM00231,L00231,Data Engineering,22-02-2026 07:00,22-02-2026 07:14,Delivered,0,0,,0
CAM00232,L00232,IT Consulting,22-02-2026 12:00,22-02-2026 12:09,Delivered,0,0,,0
CAM00233,L00233,Oracle Services,22-02-2026 17:00,22-02-2026 17:11,Delivered,1,1,23-02-2026 07:11,1
CAM00234,L00234,Data Engineering,22-02-2026 22:00,22-02-2026 22:08,Delivered,1,0,,0
CAM00235,L00235,IT Consulting,23-02-2026 03:00,23-02-2026 03:05,Delivered,0,0,,0
CAM00236,L00236,Database Modernization,23-02-2026 08:00,23-02-2026 08:10,Delivered,1,0,,0
CAM00237,L00237,Oracle Services,23-02-2026 13:00,23-02-2026 13:12,Delivered,0,0,,0
CAM00238,L00238,Database Modernization,23-02-2026 18:00,23-02-2026 18:02,Delivered,1,0,,0
CAM00239,L00239,Database Modernization,23-02-2026 23:00,23-02-2026 23:13,Delivered,1,0,,0
CAM00240,L00240,Data Engineering,24-02-2026 04:00,24-02-2026 04:10,Bounced,0,0,,0
CAM00241,L00241,Database Modernization,24-02-2026 09:00,24-02-2026 09:01,Delivered,1,0,,0
CAM00242,L00242,Database Modernization,24-02-2026 14:00,24-02-2026 14:14,Delivered,1,1,26-02-2026 13:14,1
CAM00243,L00243,IT Consulting,24-02-2026 19:00,24-02-2026 19:02,Delivered,1,0,,0
CAM00244,L00244,Data Engineering,25-02-2026 00:00,25-02-2026 00:09,Delivered,1,0,,0
CAM00245,L00245,IT Consulting,25-02-2026 05:00,25-02-2026 05:01,Delivered,1,0,,0
CAM00246,L00246,Data Engineering,25-02-2026 10:00,25-02-2026 10:02,Delivered,0,0,,0
CAM00247,L00247,IT Consulting,25-02-2026 15:00,25-02-2026 15:09,Delivered,1,0,,0
CAM00248,L00248,Oracle Services,25-02-2026 20:00,25-02-2026 20:10,Delivered,1,0,,0
CAM00249,L00249,IT Consulting,26-02-2026 01:00,26-02-2026 01:10,Delivered,1,0,,0
CAM00250,L00250,IT Consulting,26-02-2026 06:00,26-02-2026 06:05,Delivered,0,0,,0
CAM00251,L00251,Oracle Services,26-02-2026 11:00,26-02-2026 11:12,Delivered,0,0,,0
CAM00252,L00252,Database Modernization,26-02-2026 16:00,26-02-2026 16:00,Delivered,0,0,,0
CAM00253,L00253,Database Modernization,26-02-2026 21:00,26-02-2026 21:12,Delivered,0,0,,0
CAM00254,L00254,Database Modernization,27-02-2026 02:00,27-02-2026 02:04,Delivered,1,0,,0
CAM00255,L00255,IT Consulting,27-02-2026 07:00,27-02-2026 07:09,Delivered,0,0,,0
CAM00256,L00256,Data Engineering,27-02-2026 12:00,27-02-2026 12:13,Delivered,1,1,02-03-2026 20:13,0
CAM00257,L00257,Oracle Services,27-02-2026 17:00,27-02-2026 17:03,Delivered,0,0,,0
CAM00258,L00258,Data Engineering,27-02-2026 22:00,27-02-2026 22:06,Delivered,1,0,,0
CAM00259,L00259,IT Consulting,28-02-2026 03:00,28-02-2026 03:12,Delivered,1,0,,0
CAM00260,L00260,Database Modernization,28-02-2026 08:00,28-02-2026 08:12,Delivered,0,0,,0
CAM00261,L00261,IT Consulting,28-02-2026 13:00,28-02-2026 13:03,Failed,0,0,,0
CAM00262,L00262,Data Engineering,28-02-2026 18:00,28-02-2026 18:07,Delivered,0,0,,0
CAM00263,L00263,IT Consulting,28-02-2026 23:00,28-02-2026 23:04,Delivered,1,0,,0
CAM00264,L00264,IT Consulting,01-03-2026 04:00,01-03-2026 04:07,Delivered,1,0,,0
CAM00265,L00265,Oracle Services,01-03-2026 09:00,01-03-2026 09:05,Delivered,1,1,03-03-2026 19:05,0
CAM00266,L00266,IT Consulting,01-03-2026 14:00,01-03-2026 14:00,Delivered,1,0,,0
CAM00267,L00267,Oracle Services,01-03-2026 19:00,01-03-2026 19:13,Delivered,1,0,,0
CAM00268,L00268,IT Consulting,02-03-2026 00:00,02-03-2026 00:09,Delivered,1,0,,0
CAM00269,L00269,IT Consulting,02-03-2026 05:00,02-03-2026 05:06,Delivered,0,0,,0
CAM00270,L00270,Database Modernization,02-03-2026 10:00,02-03-2026 10:01,Delivered,1,0,,0
CAM00271,L00271,Oracle Services,02-03-2026 15:00,02-03-2026 15:01,Delivered,0,0,,0
CAM00272,L00272,Database Modernization,02-03-2026 20:00,02-03-2026 20:07,Delivered,0,0,,0
CAM00273,L00273,Database Modernization,03-03-2026 01:00,03-03-2026 01:09,Delivered,0,0,,0
CAM00274,L00274,Data Engineering,03-03-2026 06:00,03-03-2026 06:03,Delivered,1,0,,0
CAM00275,L00275,Oracle Services,03-03-2026 11:00,03-03-2026 11:11,Delivered,1,1,05-03-2026 13:11,0
CAM00276,L00276,Oracle Services,03-03-2026 16:00,03-03-2026 16:05,Delivered,1,0,,0
CAM00277,L00277,Database Modernization,03-03-2026 21:00,03-03-2026 21:00,Delivered,0,0,,0
CAM00278,L00278,IT Consulting,04-03-2026 02:00,04-03-2026 02:08,Delivered,1,0,,0
CAM00279,L00279,Database Modernization,04-03-2026 07:00,04-03-2026 07:02,Delivered,1,0,,0
CAM00280,L00280,Database Modernization,04-03-2026 12:00,04-03-2026 12:00,Delivered,0,0,,0
CAM00281,L00281,Oracle Services,04-03-2026 17:00,04-03-2026 17:01,Bounced,0,0,,0
CAM00282,L00282,Database Modernization,04-03-2026 22:00,04-03-2026 22:04,Failed,0,0,,0
CAM00283,L00283,Database Modernization,05-03-2026 03:00,05-03-2026 03:07,Delivered,1,0,,0
CAM00284,L00284,Database Modernization,05-03-2026 08:00,05-03-2026 08:14,Delivered,0,0,,0
CAM00285,L00285,Database Modernization,05-03-2026 13:00,05-03-2026 13:03,Delivered,1,0,,0
CAM00286,L00286,Database Modernization,05-03-2026 18:00,05-03-2026 18:00,Delivered,1,0,,0
CAM00287,L00287,Data Engineering,05-03-2026 23:00,05-03-2026 23:02,Delivered,0,0,,0
CAM00288,L00288,Database Modernization,06-03-2026 04:00,06-03-2026 04:04,Delivered,0,0,,0
CAM00289,L00289,IT Consulting,06-03-2026 09:00,06-03-2026 09:03,Delivered,0,0,,0
CAM00290,L00290,Data Engineering,06-03-2026 14:00,06-03-2026 14:04,Delivered,1,0,,0
CAM00291,L00291,Data Engineering,06-03-2026 19:00,06-03-2026 19:14,Delivered,1,0,,0
CAM00292,L00292,Data Engineering,07-03-2026 00:00,07-03-2026 00:05,Delivered,0,0,,0
CAM00293,L00293,IT Consulting,07-03-2026 05:00,07-03-2026 05:09,Delivered,0,0,,0
CAM00294,L00294,Database Modernization,07-03-2026 10:00,07-03-2026 10:10,Delivered,1,0,,0
CAM00295,L00295,IT Consulting,07-03-2026 15:00,07-03-2026 15:01,Delivered,1,0,,0
CAM00296,L00296,Oracle Services,07-03-2026 20:00,07-03-2026 20:03,Delivered,0,0,,0
CAM00297,L00297,Oracle Services,08-03-2026 01:00,08-03-2026 01:06,Delivered,0,0,,0
CAM00298,L00298,IT Consulting,08-03-2026 06:00,08-03-2026 06:06,Delivered,1,0,,0
CAM00299,L00299,IT Consulting,08-03-2026 11:00,08-03-2026 11:00,Delivered,0,0,,0
CAM00300,L00300,Oracle Services,08-03-2026 16:00,08-03-2026 16:09,Delivered,0,0,,0
CAM00301,L00301,Data Engineering,08-03-2026 21:00,08-03-2026 21:04,Delivered,1,0,,0
CAM00302,L00302,Data Engineering,09-03-2026 02:00,09-03-2026 02:04,Delivered,0,0,,0
CAM00303,L00303,Oracle Services,09-03-2026 07:00,09-03-2026 07:09,Delivered,0,0,,0
CAM00304,L00304,Data Engineering,09-03-2026 12:00,09-03-2026 12:14,Delivered,0,0,,0
CAM00305,L00305,Data Engineering,09-03-2026 17:00,09-03-2026 17:12,Delivered,0,0,,0
CAM00306,L00306,Data Engineering,09-03-2026 22:00,09-03-2026 22:14,Delivered,0,0,,0
CAM00307,L00307,Data Engineering,10-03-2026 03:00,10-03-2026 03:06,Delivered,0,0,,0
CAM00308,L00308,IT Consulting,10-03-2026 08:00,10-03-2026 08:01,Delivered,1,0,,0
CAM00309,L00309,Oracle Services,10-03-2026 13:00,10-03-2026 13:03,Delivered,0,0,,0
CAM00310,L00310,Data Engineering,10-03-2026 18:00,10-03-2026 18:05,Delivered,1,0,,0
CAM00311,L00311,Database Modernization,10-03-2026 23:00,10-03-2026 23:04,Delivered,1,0,,0
CAM00312,L00312,IT Consulting,11-03-2026 04:00,11-03-2026 04:03,Delivered,0,0,,0
CAM00313,L00313,Database Modernization,11-03-2026 09:00,11-03-2026 09:02,Delivered,0,0,,0
CAM00314,L00314,IT Consulting,11-03-2026 14:00,11-03-2026 14:02,Delivered,0,0,,0
CAM00315,L00315,Data Engineering,11-03-2026 19:00,11-03-2026 19:09,Delivered,0,0,,0
CAM00316,L00316,Oracle Services,12-03-2026 00:00,12-03-2026 00:07,Bounced,0,0,,0
CAM00317,L00317,IT Consulting,12-03-2026 05:00,12-03-2026 05:00,Delivered,1,0,,0
CAM00318,L00318,Oracle Services,12-03-2026 10:00,12-03-2026 10:08,Delivered,0,0,,0
CAM00319,L00319,Database Modernization,12-03-2026 15:00,12-03-2026 15:12,Delivered,0,0,,0
CAM00320,L00320,Database Modernization,12-03-2026 20:00,12-03-2026 20:06,Delivered,1,0,,0
CAM00321,L00321,Data Engineering,13-03-2026 01:00,13-03-2026 01:04,Delivered,0,0,,0
CAM00322,L00322,Database Modernization,13-03-2026 06:00,13-03-2026 06:04,Delivered,0,0,,0
CAM00323,L00323,Data Engineering,13-03-2026 11:00,13-03-2026 11:05,Delivered,1,0,,0
CAM00324,L00324,Data Engineering,13-03-2026 16:00,13-03-2026 16:04,Delivered,0,0,,0
CAM00325,L00325,Oracle Services,13-03-2026 21:00,13-03-2026 21:13,Delivered,1,0,,0
CAM00326,L00326,Oracle Services,14-03-2026 02:00,14-03-2026 02:14,Delivered,1,0,,0
CAM00327,L00327,Database Modernization,14-03-2026 07:00,14-03-2026 07:05,Delivered,1,0,,0
CAM00328,L00328,Oracle Services,14-03-2026 12:00,14-03-2026 12:13,Delivered,1,1,18-03-2026 02:13,1
CAM00329,L00329,IT Consulting,14-03-2026 17:00,14-03-2026 17:12,Delivered,1,0,,0
CAM00330,L00330,Database Modernization,14-03-2026 22:00,14-03-2026 22:01,Delivered,0,0,,0
CAM00331,L00331,Database Modernization,15-03-2026 03:00,15-03-2026 03:07,Delivered,1,0,,0
CAM00332,L00332,Data Engineering,15-03-2026 08:00,15-03-2026 08:09,Delivered,0,0,,0
CAM00333,L00333,IT Consulting,15-03-2026 13:00,15-03-2026 13:06,Delivered,0,0,,0
CAM00334,L00334,Data Engineering,15-03-2026 18:00,15-03-2026 18:06,Delivered,1,0,,0
CAM00335,L00335,Data Engineering,15-03-2026 23:00,15-03-2026 23:07,Delivered,1,1,20-03-2026 01:07,1
CAM00336,L00336,IT Consulting,16-03-2026 04:00,16-03-2026 04:10,Delivered,0,0,,0
CAM00337,L00337,IT Consulting,16-03-2026 09:00,16-03-2026 09:04,Delivered,0,0,,0
CAM00338,L00338,Oracle Services,16-03-2026 14:00,16-03-2026 14:08,Delivered,0,0,,0
CAM00339,L00339,Oracle Services,16-03-2026 19:00,16-03-2026 19:03,Delivered,1,0,,0
CAM00340,L00340,Database Modernization,17-03-2026 00:00,17-03-2026 00:13,Delivered,0,0,,0
CAM00341,L00341,IT Consulting,17-03-2026 05:00,17-03-2026 05:01,Delivered,0,0,,0
CAM00342,L00342,IT Consulting,17-03-2026 10:00,17-03-2026 10:01,Delivered,0,0,,0
CAM00343,L00343,Data Engineering,17-03-2026 15:00,17-03-2026 15:00,Delivered,1,0,,0
CAM00344,L00344,Data Engineering,17-03-2026 20:00,17-03-2026 20:05,Delivered,0,0,,0
CAM00345,L00345,Oracle Services,18-03-2026 01:00,18-03-2026 01:09,Delivered,1,0,,0
CAM00346,L00346,Data Engineering,18-03-2026 06:00,18-03-2026 06:14,Delivered,0,0,,0
CAM00347,L00347,Oracle Services,18-03-2026 11:00,18-03-2026 11:06,Delivered,0,0,,0
CAM00348,L00348,Data Engineering,18-03-2026 16:00,18-03-2026 16:02,Delivered,0,0,,0
CAM00349,L00349,Oracle Services,18-03-2026 21:00,18-03-2026 21:05,Delivered,1,0,,0
CAM00350,L00350,Oracle Services,19-03-2026 02:00,19-03-2026 02:01,Delivered,0,0,,0
CAM00351,L00351,IT Consulting,19-03-2026 07:00,19-03-2026 07:07,Delivered,1,1,23-03-2026 21:07,0
CAM00352,L00352,IT Consulting,19-03-2026 12:00,19-03-2026 12:10,Delivered,0,0,,0
CAM00353,L00353,Data Engineering,19-03-2026 17:00,19-03-2026 17:00,Delivered,0,0,,0
CAM00354,L00354,Data Engineering,19-03-2026 22:00,19-03-2026 22:11,Delivered,0,0,,0
CAM00355,L00355,Oracle Services,20-03-2026 03:00,20-03-2026 03:03,Delivered,1,0,,0
CAM00356,L00356,Data Engineering,20-03-2026 08:00,20-03-2026 08:10,Delivered,0,0,,0
CAM00357,L00357,Data Engineering,20-03-2026 13:00,20-03-2026 13:12,Failed,0,0,,0
CAM00358,L00358,Data Engineering,20-03-2026 18:00,20-03-2026 18:11,Delivered,0,0,,0
CAM00359,L00359,Database Modernization,20-03-2026 23:00,20-03-2026 23:10,Delivered,0,0,,0
CAM00360,L00360,Database Modernization,21-03-2026 04:00,21-03-2026 04:10,Delivered,0,0,,0
CAM00361,L00361,IT Consulting,21-03-2026 09:00,21-03-2026 09:02,Delivered,0,0,,0
CAM00362,L00362,Database Modernization,21-03-2026 14:00,21-03-2026 14:02,Delivered,0,0,,0
CAM00363,L00363,IT Consulting,21-03-2026 19:00,21-03-2026 19:05,Delivered,1,0,,0
CAM00364,L00364,IT Consulting,22-03-2026 00:00,22-03-2026 00:09,Delivered,0,0,,0
CAM00365,L00365,IT Consulting,22-03-2026 05:00,22-03-2026 05:09,Delivered,1,0,,0
CAM00366,L00366,Data Engineering,22-03-2026 10:00,22-03-2026 10:11,Delivered,1,0,,0
CAM00367,L00367,Oracle Services,22-03-2026 15:00,22-03-2026 15:04,Delivered,0,0,,0
CAM00368,L00368,Oracle Services,22-03-2026 20:00,22-03-2026 20:12,Delivered,1,0,,0
CAM00369,L00369,Data Engineering,23-03-2026 01:00,23-03-2026 01:06,Delivered,0,0,,0
CAM00370,L00370,Database Modernization,23-03-2026 06:00,23-03-2026 06:03,Delivered,0,0,,0
CAM00371,L00371,Oracle Services,23-03-2026 11:00,23-03-2026 11:11,Delivered,1,0,,0
CAM00372,L00372,IT Consulting,23-03-2026 16:00,23-03-2026 16:01,Delivered,1,0,,0
CAM00373,L00373,IT Consulting,23-03-2026 21:00,23-03-2026 21:06,Delivered,1,0,,0
CAM00374,L00374,Database Modernization,24-03-2026 02:00,24-03-2026 02:11,Bounced,0,0,,0
CAM00375,L00375,Data Engineering,24-03-2026 07:00,24-03-2026 07:11,Delivered,0,0,,0
CAM00376,L00376,Database Modernization,24-03-2026 12:00,24-03-2026 12:03,Delivered,0,0,,0
CAM00377,L00377,Database Modernization,24-03-2026 17:00,24-03-2026 17:02,Failed,0,0,,0
CAM00378,L00378,Data Engineering,24-03-2026 22:00,24-03-2026 22:00,Delivered,1,0,,0
CAM00379,L00379,Database Modernization,25-03-2026 03:00,25-03-2026 03:01,Delivered,0,0,,0
CAM00380,L00380,IT Consulting,25-03-2026 08:00,25-03-2026 08:12,Delivered,1,0,,0
CAM00381,L00381,Oracle Services,25-03-2026 13:00,25-03-2026 13:11,Delivered,0,0,,0
CAM00382,L00382,Data Engineering,25-03-2026 18:00,25-03-2026 18:07,Delivered,0,0,,0
CAM00383,L00383,IT Consulting,25-03-2026 23:00,25-03-2026 23:08,Delivered,1,0,,0
CAM00384,L00384,IT Consulting,26-03-2026 04:00,26-03-2026 04:04,Delivered,0,0,,0
CAM00385,L00385,Oracle Services,26-03-2026 09:00,26-03-2026 09:02,Delivered,0,0,,0
CAM00386,L00386,Oracle Services,26-03-2026 14:00,26-03-2026 14:00,Delivered,1,0,,0
CAM00387,L00387,Data Engineering,26-03-2026 19:00,26-03-2026 19:10,Delivered,0,0,,0
CAM00388,L00388,IT Consulting,27-03-2026 00:00,27-03-2026 00:00,Delivered,0,0,,0
CAM00389,L00389,IT Consulting,27-03-2026 05:00,27-03-2026 05:01,Delivered,1,0,,0
CAM00390,L00390,IT Consulting,27-03-2026 10:00,27-03-2026 10:11,Delivered,1,0,,0
CAM00391,L00391,Oracle Services,27-03-2026 15:00,27-03-2026 15:08,Delivered,0,0,,0
CAM00392,L00392,Data Engineering,27-03-2026 20:00,27-03-2026 20:07,Delivered,0,0,,0
CAM00393,L00393,Data Engineering,28-03-2026 01:00,28-03-2026 01:03,Delivered,0,0,,0
CAM00394,L00394,Data Engineering,28-03-2026 06:00,28-03-2026 06:02,Delivered,0,0,,0
CAM00395,L00395,IT Consulting,28-03-2026 11:00,28-03-2026 11:06,Delivered,0,0,,0
CAM00396,L00396,Oracle Services,28-03-2026 16:00,28-03-2026 16:05,Delivered,1,0,,0
CAM00397,L00397,Database Modernization,28-03-2026 21:00,28-03-2026 21:08,Delivered,1,0,,0
CAM00398,L00398,Database Modernization,29-03-2026 02:00,29-03-2026 02:02,Delivered,1,0,,0
CAM00399,L00399,IT Consulting,29-03-2026 07:00,29-03-2026 07:03,Delivered,0,0,,0
CAM00400,L00400,Oracle Services,29-03-2026 12:00,29-03-2026 12:01,Delivered,0,0,,0
CAM00401,L00401,Database Modernization,29-03-2026 17:00,29-03-2026 17:06,Delivered,0,0,,0
CAM00402,L00402,Oracle Services,29-03-2026 22:00,29-03-2026 22:04,Delivered,1,0,,0
CAM00403,L00403,Oracle Services,30-03-2026 03:00,30-03-2026 03:03,Delivered,0,0,,0
CAM00404,L00404,IT Consulting,30-03-2026 08:00,30-03-2026 08:08,Delivered,0,0,,0
CAM00405,L00405,IT Consulting,30-03-2026 13:00,30-03-2026 13:07,Delivered,1,0,,0
CAM00406,L00406,Database Modernization,30-03-2026 18:00,30-03-2026 18:03,Delivered,1,0,,0
CAM00407,L00407,Data Engineering,30-03-2026 23:00,30-03-2026 23:10,Delivered,0,0,,0
CAM00408,L00408,Data Engineering,31-03-2026 04:00,31-03-2026 04:05,Delivered,0,0,,0
CAM00409,L00409,IT Consulting,31-03-2026 09:00,31-03-2026 09:05,Delivered,0,0,,0
CAM00410,L00410,Database Modernization,31-03-2026 14:00,31-03-2026 14:07,Delivered,1,0,,0
CAM00411,L00411,IT Consulting,31-03-2026 19:00,31-03-2026 19:02,Delivered,0,0,,0
CAM00412,L00412,Database Modernization,01-04-2026 00:00,01-04-2026 00:06,Delivered,1,1,04-04-2026 04:06,1
CAM00413,L00413,Data Engineering,01-04-2026 05:00,01-04-2026 05:08,Delivered,1,0,,0
CAM00414,L00414,Database Modernization,01-04-2026 10:00,01-04-2026 10:01,Bounced,0,0,,0
CAM00415,L00415,Data Engineering,01-04-2026 15:00,01-04-2026 15:08,Delivered,1,0,,0
CAM00416,L00416,Database Modernization,01-04-2026 20:00,01-04-2026 20:00,Delivered,0,0,,0
CAM00417,L00417,IT Consulting,02-04-2026 01:00,02-04-2026 01:09,Delivered,1,0,,0
CAM00418,L00418,Data Engineering,02-04-2026 06:00,02-04-2026 06:00,Delivered,1,0,,0
CAM00419,L00419,Database Modernization,02-04-2026 11:00,02-04-2026 11:02,Delivered,1,0,,0
CAM00420,L00420,IT Consulting,02-04-2026 16:00,02-04-2026 16:05,Bounced,0,0,,0
CAM00421,L00421,Data Engineering,02-04-2026 21:00,02-04-2026 21:09,Delivered,1,0,,0
CAM00422,L00422,Database Modernization,03-04-2026 02:00,03-04-2026 02:10,Delivered,1,1,07-04-2026 01:10,0
CAM00423,L00423,Oracle Services,03-04-2026 07:00,03-04-2026 07:07,Delivered,1,0,,0
CAM00424,L00424,IT Consulting,03-04-2026 12:00,03-04-2026 12:01,Delivered,1,0,,0
CAM00425,L00425,IT Consulting,03-04-2026 17:00,03-04-2026 17:05,Delivered,0,0,,0
CAM00426,L00426,Data Engineering,03-04-2026 22:00,03-04-2026 22:11,Delivered,0,0,,0
CAM00427,L00427,IT Consulting,04-04-2026 03:00,04-04-2026 03:01,Delivered,1,0,,0
CAM00428,L00428,Data Engineering,04-04-2026 08:00,04-04-2026 08:10,Delivered,0,0,,0
CAM00429,L00429,Oracle Services,04-04-2026 13:00,04-04-2026 13:05,Delivered,1,1,06-04-2026 14:05,1
CAM00430,L00430,Oracle Services,04-04-2026 18:00,04-04-2026 18:00,Delivered,0,0,,0
CAM00431,L00431,Oracle Services,04-04-2026 23:00,04-04-2026 23:10,Delivered,1,0,,0
CAM00432,L00432,Oracle Services,05-04-2026 04:00,05-04-2026 04:00,Delivered,0,0,,0
CAM00433,L00433,Data Engineering,05-04-2026 09:00,05-04-2026 09:05,Delivered,1,0,,0
CAM00434,L00434,IT Consulting,05-04-2026 14:00,05-04-2026 14:02,Delivered,0,0,,0
CAM00435,L00435,Oracle Services,05-04-2026 19:00,05-04-2026 19:08,Delivered,1,0,,0
CAM00436,L00436,Data Engineering,06-04-2026 00:00,06-04-2026 00:00,Delivered,0,0,,0
CAM00437,L00437,Oracle Services,06-04-2026 05:00,06-04-2026 05:01,Delivered,1,0,,0
CAM00438,L00438,Database Modernization,06-04-2026 10:00,06-04-2026 10:07,Delivered,0,0,,0
CAM00439,L00439,IT Consulting,06-04-2026 15:00,06-04-2026 15:14,Delivered,0,0,,0
CAM00440,L00440,IT Consulting,06-04-2026 20:00,06-04-2026 20:00,Delivered,1,0,,0
CAM00441,L00441,IT Consulting,07-04-2026 01:00,07-04-2026 01:06,Delivered,1,0,,0
CAM00442,L00442,Database Modernization,07-04-2026 06:00,07-04-2026 06:12,Bounced,0,0,,0
CAM00443,L00443,IT Consulting,07-04-2026 11:00,07-04-2026 11:04,Delivered,0,0,,0
CAM00444,L00444,IT Consulting,07-04-2026 16:00,07-04-2026 16:07,Delivered,0,0,,0
CAM00445,L00445,Database Modernization,07-04-2026 21:00,07-04-2026 21:12,Delivered,0,0,,0
CAM00446,L00446,Database Modernization,08-04-2026 02:00,08-04-2026 02:10,Delivered,1,1,11-04-2026 15:10,0
CAM00447,L00447,Oracle Services,08-04-2026 07:00,08-04-2026 07:04,Delivered,0,0,,0
CAM00448,L00448,IT Consulting,08-04-2026 12:00,08-04-2026 12:11,Delivered,1,0,,0
CAM00449,L00449,Oracle Services,08-04-2026 17:00,08-04-2026 17:10,Delivered,1,0,,0
CAM00450,L00450,Database Modernization,08-04-2026 22:00,08-04-2026 22:07,Delivered,1,0,,0
CAM00451,L00451,Database Modernization,09-04-2026 03:00,09-04-2026 03:06,Bounced,0,0,,0
CAM00452,L00452,Oracle Services,09-04-2026 08:00,09-04-2026 08:13,Delivered,0,0,,0
CAM00453,L00453,IT Consulting,09-04-2026 13:00,09-04-2026 13:13,Delivered,0,0,,0
CAM00454,L00454,Data Engineering,09-04-2026 18:00,09-04-2026 18:14,Delivered,1,1,09-04-2026 20:14,0
CAM00455,L00455,Oracle Services,09-04-2026 23:00,09-04-2026 23:10,Delivered,1,0,,0
CAM00456,L00456,Oracle Services,10-04-2026 04:00,10-04-2026 04:05,Delivered,0,0,,0
CAM00457,L00457,Oracle Services,10-04-2026 09:00,10-04-2026 09:01,Delivered,0,0,,0
CAM00458,L00458,IT Consulting,10-04-2026 14:00,10-04-2026 14:01,Delivered,1,1,14-04-2026 23:01,1
CAM00459,L00459,Database Modernization,10-04-2026 19:00,10-04-2026 19:14,Delivered,1,0,,0
CAM00460,L00460,Data Engineering,11-04-2026 00:00,11-04-2026 00:05,Bounced,0,0,,0
CAM00461,L00461,Oracle Services,11-04-2026 05:00,11-04-2026 05:01,Delivered,0,0,,0
CAM00462,L00462,Oracle Services,11-04-2026 10:00,11-04-2026 10:03,Delivered,0,0,,0
CAM00463,L00463,Data Engineering,11-04-2026 15:00,11-04-2026 15:00,Delivered,1,0,,0
CAM00464,L00464,Oracle Services,11-04-2026 20:00,11-04-2026 20:07,Delivered,0,0,,0
CAM00465,L00465,Data Engineering,12-04-2026 01:00,12-04-2026 01:08,Bounced,0,0,,0
CAM00466,L00466,IT Consulting,12-04-2026 06:00,12-04-2026 06:05,Delivered,0,0,,0
CAM00467,L00467,Database Modernization,12-04-2026 11:00,12-04-2026 11:11,Delivered,1,0,,0
CAM00468,L00468,Data Engineering,12-04-2026 16:00,12-04-2026 16:07,Delivered,1,0,,0
CAM00469,L00469,IT Consulting,12-04-2026 21:00,12-04-2026 21:14,Delivered,1,0,,0
CAM00470,L00470,IT Consulting,13-04-2026 02:00,13-04-2026 02:11,Delivered,1,0,,0
CAM00471,L00471,Oracle Services,13-04-2026 07:00,13-04-2026 07:01,Delivered,1,0,,0
CAM00472,L00472,Oracle Services,13-04-2026 12:00,13-04-2026 12:04,Delivered,0,0,,0
CAM00473,L00473,IT Consulting,13-04-2026 17:00,13-04-2026 17:11,Delivered,0,0,,0
CAM00474,L00474,IT Consulting,13-04-2026 22:00,13-04-2026 22:08,Delivered,0,0,,0
CAM00475,L00475,Database Modernization,14-04-2026 03:00,14-04-2026 03:11,Delivered,1,1,17-04-2026 15:11,1
CAM00476,L00476,Data Engineering,14-04-2026 08:00,14-04-2026 08:05,Bounced,0,0,,0
CAM00477,L00477,Data Engineering,14-04-2026 13:00,14-04-2026 13:00,Delivered,0,0,,0
CAM00478,L00478,Data Engineering,14-04-2026 18:00,14-04-2026 18:11,Delivered,1,0,,0
CAM00479,L00479,IT Consulting,14-04-2026 23:00,14-04-2026 23:11,Delivered,1,0,,0
CAM00480,L00480,Database Modernization,15-04-2026 04:00,15-04-2026 04:09,Delivered,0,0,,0
CAM00481,L00481,IT Consulting,15-04-2026 09:00,15-04-2026 09:06,Bounced,0,0,,0
CAM00482,L00482,Oracle Services,15-04-2026 14:00,15-04-2026 14:00,Delivered,1,0,,0
CAM00483,L00483,Oracle Services,15-04-2026 19:00,15-04-2026 19:10,Failed,0,0,,0
CAM00484,L00484,IT Consulting,16-04-2026 00:00,16-04-2026 00:09,Delivered,0,0,,0
CAM00485,L00485,Oracle Services,16-04-2026 05:00,16-04-2026 05:10,Delivered,1,0,,0
CAM00486,L00486,IT Consulting,16-04-2026 10:00,16-04-2026 10:02,Delivered,0,0,,0
CAM00487,L00487,Database Modernization,16-04-2026 15:00,16-04-2026 15:10,Delivered,1,0,,0
CAM00488,L00488,Database Modernization,16-04-2026 20:00,16-04-2026 20:10,Delivered,1,0,,0
CAM00489,L00489,Oracle Services,17-04-2026 01:00,17-04-2026 01:12,Bounced,0,0,,0
CAM00490,L00490,IT Consulting,17-04-2026 06:00,17-04-2026 06:08,Delivered,0,0,,0
CAM00491,L00491,Database Modernization,17-04-2026 11:00,17-04-2026 11:10,Delivered,1,1,19-04-2026 06:10,0
CAM00492,L00492,Oracle Services,17-04-2026 16:00,17-04-2026 16:06,Bounced,0,0,,0
CAM00493,L00493,Database Modernization,17-04-2026 21:00,17-04-2026 21:10,Delivered,0,0,,0
CAM00494,L00494,Oracle Services,18-04-2026 02:00,18-04-2026 02:10,Delivered,1,0,,0
CAM00495,L00495,IT Consulting,18-04-2026 07:00,18-04-2026 07:11,Delivered,0,0,,0
CAM00496,L00496,Oracle Services,18-04-2026 12:00,18-04-2026 12:12,Delivered,0,0,,0
CAM00497,L00497,Database Modernization,18-04-2026 17:00,18-04-2026 17:00,Delivered,1,1,21-04-2026 02:00,0
CAM00498,L00498,Database Modernization,18-04-2026 22:00,18-04-2026 22:11,Delivered,0,0,,0
CAM00499,L00499,Oracle Services,19-04-2026 03:00,19-04-2026 03:11,Bounced,0,0,,0
CAM00500,L00500,Oracle Services,19-04-2026 08:00,19-04-2026 08:08,Delivered,0,0,,0
CAM00501,L00501,Data Engineering,19-04-2026 13:00,19-04-2026 13:07,Delivered,1,0,,0
CAM00502,L00502,Database Modernization,19-04-2026 18:00,19-04-2026 18:10,Delivered,1,0,,0
CAM00503,L00503,Oracle Services,19-04-2026 23:00,19-04-2026 23:06,Delivered,1,0,,0
CAM00504,L00504,Oracle Services,20-04-2026 04:00,20-04-2026 04:06,Delivered,0,0,,0
CAM00505,L00505,IT Consulting,20-04-2026 09:00,20-04-2026 09:12,Delivered,0,0,,0
CAM00506,L00506,Data Engineering,20-04-2026 14:00,20-04-2026 14:11,Delivered,0,0,,0
CAM00507,L00507,Data Engineering,20-04-2026 19:00,20-04-2026 19:03,Delivered,0,0,,0
CAM00508,L00508,IT Consulting,21-04-2026 00:00,21-04-2026 00:12,Delivered,1,1,21-04-2026 03:12,1
CAM00509,L00509,Oracle Services,21-04-2026 05:00,21-04-2026 05:04,Delivered,1,0,,0
CAM00510,L00510,Data Engineering,21-04-2026 10:00,21-04-2026 10:02,Delivered,0,0,,0
CAM00511,L00511,IT Consulting,21-04-2026 15:00,21-04-2026 15:13,Delivered,0,0,,0
CAM00512,L00512,Oracle Services,21-04-2026 20:00,21-04-2026 20:03,Delivered,0,0,,0
CAM00513,L00513,Data Engineering,22-04-2026 01:00,22-04-2026 01:03,Delivered,1,0,,0
CAM00514,L00514,IT Consulting,22-04-2026 06:00,22-04-2026 06:04,Delivered,1,0,,0
CAM00515,L00515,Data Engineering,22-04-2026 11:00,22-04-2026 11:07,Delivered,0,0,,0
CAM00516,L00516,Oracle Services,22-04-2026 16:00,22-04-2026 16:02,Delivered,1,0,,0
CAM00517,L00517,Data Engineering,22-04-2026 21:00,22-04-2026 21:02,Delivered,1,0,,0
CAM00518,L00518,IT Consulting,23-04-2026 02:00,23-04-2026 02:05,Delivered,0,0,,0
CAM00519,L00519,Oracle Services,23-04-2026 07:00,23-04-2026 07:03,Delivered,0,0,,0
CAM00520,L00520,Data Engineering,23-04-2026 12:00,23-04-2026 12:02,Delivered,0,0,,0
CAM00521,L00521,Data Engineering,23-04-2026 17:00,23-04-2026 17:13,Delivered,0,0,,0
CAM00522,L00522,Database Modernization,23-04-2026 22:00,23-04-2026 22:08,Delivered,0,0,,0
CAM00523,L00523,Oracle Services,24-04-2026 03:00,24-04-2026 03:00,Delivered,1,0,,0
CAM00524,L00524,Oracle Services,24-04-2026 08:00,24-04-2026 08:01,Delivered,0,0,,0
CAM00525,L00525,IT Consulting,24-04-2026 13:00,24-04-2026 13:12,Delivered,0,0,,0
CAM00526,L00526,IT Consulting,24-04-2026 18:00,24-04-2026 18:04,Delivered,1,0,,0
CAM00527,L00527,Database Modernization,24-04-2026 23:00,24-04-2026 23:02,Delivered,0,0,,0
CAM00528,L00528,IT Consulting,25-04-2026 04:00,25-04-2026 04:09,Delivered,0,0,,0
CAM00529,L00529,IT Consulting,25-04-2026 09:00,25-04-2026 09:12,Delivered,1,0,,0
CAM00530,L00530,Data Engineering,25-04-2026 14:00,25-04-2026 14:05,Delivered,0,0,,0
CAM00531,L00531,Data Engineering,25-04-2026 19:00,25-04-2026 19:11,Delivered,0,0,,0
CAM00532,L00532,IT Consulting,26-04-2026 00:00,26-04-2026 00:06,Delivered,1,1,26-04-2026 13:06,1
CAM00533,L00533,Data Engineering,26-04-2026 05:00,26-04-2026 05:01,Bounced,0,0,,0
CAM00534,L00534,IT Consulting,26-04-2026 10:00,26-04-2026 10:11,Delivered,0,0,,0
CAM00535,L00535,IT Consulting,26-04-2026 15:00,26-04-2026 15:13,Delivered,1,1,30-04-2026 03:13,1
CAM00536,L00536,Oracle Services,26-04-2026 20:00,26-04-2026 20:14,Delivered,1,0,,0
CAM00537,L00537,Data Engineering,27-04-2026 01:00,27-04-2026 01:01,Delivered,0,0,,0
CAM00538,L00538,Data Engineering,27-04-2026 06:00,27-04-2026 06:08,Delivered,0,0,,0
CAM00539,L00539,IT Consulting,27-04-2026 11:00,27-04-2026 11:09,Delivered,0,0,,0
CAM00540,L00540,Database Modernization,27-04-2026 16:00,27-04-2026 16:01,Delivered,0,0,,0
CAM00541,L00541,IT Consulting,27-04-2026 21:00,27-04-2026 21:14,Failed,0,0,,0
CAM00542,L00542,Database Modernization,28-04-2026 02:00,28-04-2026 02:01,Bounced,0,0,,0
CAM00543,L00543,Database Modernization,28-04-2026 07:00,28-04-2026 07:04,Delivered,1,0,,0
CAM00544,L00544,Oracle Services,28-04-2026 12:00,28-04-2026 12:14,Delivered,0,0,,0
CAM00545,L00545,Database Modernization,28-04-2026 17:00,28-04-2026 17:08,Delivered,1,0,,0
CAM00546,L00546,IT Consulting,28-04-2026 22:00,28-04-2026 22:10,Delivered,0,0,,0
CAM00547,L00547,Data Engineering,29-04-2026 03:00,29-04-2026 03:07,Delivered,0,0,,0
CAM00548,L00548,Data Engineering,29-04-2026 08:00,29-04-2026 08:11,Delivered,1,0,,0
CAM00549,L00549,IT Consulting,29-04-2026 13:00,29-04-2026 13:01,Delivered,0,0,,0
CAM00550,L00550,Database Modernization,29-04-2026 18:00,29-04-2026 18:10,Delivered,0,0,,0
CAM00551,L00551,Data Engineering,29-04-2026 23:00,29-04-2026 23:00,Delivered,0,0,,0
CAM00552,L00552,Database Modernization,30-04-2026 04:00,30-04-2026 04:02,Delivered,1,0,,0
CAM00553,L00553,IT Consulting,30-04-2026 09:00,30-04-2026 09:07,Delivered,0,0,,0
CAM00554,L00554,Database Modernization,30-04-2026 14:00,30-04-2026 14:06,Delivered,1,1,05-05-2026 07:06,1
CAM00555,L00555,IT Consulting,30-04-2026 19:00,30-04-2026 19:02,Delivered,0,0,,0
CAM00556,L00556,Data Engineering,01-05-2026 00:00,01-05-2026 00:11,Delivered,0,0,,0
CAM00557,L00557,IT Consulting,01-05-2026 05:00,01-05-2026 05:04,Delivered,1,0,,0
CAM00558,L00558,IT Consulting,01-05-2026 10:00,01-05-2026 10:12,Delivered,1,0,,0
CAM00559,L00559,IT Consulting,01-05-2026 15:00,01-05-2026 15:00,Delivered,0,0,,0
CAM00560,L00560,Database Modernization,01-05-2026 20:00,01-05-2026 20:03,Delivered,0,0,,0
CAM00561,L00561,Data Engineering,02-05-2026 01:00,02-05-2026 01:04,Delivered,1,0,,0
CAM00562,L00562,Database Modernization,02-05-2026 06:00,02-05-2026 06:08,Delivered,0,0,,0
CAM00563,L00563,Oracle Services,02-05-2026 11:00,02-05-2026 11:06,Delivered,0,0,,0
CAM00564,L00564,Data Engineering,02-05-2026 16:00,02-05-2026 16:02,Delivered,1,0,,0
CAM00565,L00565,Database Modernization,02-05-2026 21:00,02-05-2026 21:08,Delivered,0,0,,0
CAM00566,L00566,Database Modernization,03-05-2026 02:00,03-05-2026 02:14,Delivered,1,0,,0
CAM00567,L00567,Oracle Services,03-05-2026 07:00,03-05-2026 07:02,Delivered,1,0,,0
CAM00568,L00568,Data Engineering,03-05-2026 12:00,03-05-2026 12:03,Delivered,0,0,,0
CAM00569,L00569,Data Engineering,03-05-2026 17:00,03-05-2026 17:07,Delivered,1,0,,0
CAM00570,L00570,Oracle Services,03-05-2026 22:00,03-05-2026 22:10,Delivered,0,0,,0
CAM00571,L00571,Data Engineering,04-05-2026 03:00,04-05-2026 03:02,Delivered,0,0,,0
CAM00572,L00572,Oracle Services,04-05-2026 08:00,04-05-2026 08:03,Delivered,0,0,,0
CAM00573,L00573,Oracle Services,04-05-2026 13:00,04-05-2026 13:03,Delivered,1,0,,0
CAM00574,L00574,Database Modernization,04-05-2026 18:00,04-05-2026 18:09,Delivered,1,0,,0
CAM00575,L00575,Database Modernization,04-05-2026 23:00,04-05-2026 23:01,Delivered,0,0,,0
CAM00576,L00576,IT Consulting,05-05-2026 04:00,05-05-2026 04:09,Delivered,0,0,,0
CAM00577,L00577,Oracle Services,05-05-2026 09:00,05-05-2026 09:06,Delivered,0,0,,0
CAM00578,L00578,Database Modernization,05-05-2026 14:00,05-05-2026 14:04,Delivered,1,0,,0
CAM00579,L00579,Data Engineering,05-05-2026 19:00,05-05-2026 19:12,Delivered,1,0,,0
CAM00580,L00580,Oracle Services,06-05-2026 00:00,06-05-2026 00:12,Delivered,1,0,,0
CAM00581,L00581,IT Consulting,06-05-2026 05:00,06-05-2026 05:12,Delivered,0,0,,0
CAM00582,L00582,Data Engineering,06-05-2026 10:00,06-05-2026 10:13,Delivered,1,0,,0
CAM00583,L00583,IT Consulting,06-05-2026 15:00,06-05-2026 15:03,Delivered,0,0,,0
CAM00584,L00584,IT Consulting,06-05-2026 20:00,06-05-2026 20:12,Delivered,1,0,,0
CAM00585,L00585,Oracle Services,07-05-2026 01:00,07-05-2026 01:02,Delivered,1,0,,0
CAM00586,L00586,Database Modernization,07-05-2026 06:00,07-05-2026 06:04,Delivered,0,0,,0
CAM00587,L00587,Data Engineering,07-05-2026 11:00,07-05-2026 11:08,Delivered,0,0,,0
CAM00588,L00588,Oracle Services,07-05-2026 16:00,07-05-2026 16:11,Delivered,0,0,,0
CAM00589,L00589,Database Modernization,07-05-2026 21:00,07-05-2026 21:08,Delivered,1,1,08-05-2026 17:08,0
CAM00590,L00590,Data Engineering,08-05-2026 02:00,08-05-2026 02:08,Delivered,0,0,,0
CAM00591,L00591,IT Consulting,08-05-2026 07:00,08-05-2026 07:05,Delivered,1,0,,0
CAM00592,L00592,Database Modernization,08-05-2026 12:00,08-05-2026 12:08,Delivered,0,0,,0
CAM00593,L00593,IT Consulting,08-05-2026 17:00,08-05-2026 17:07,Delivered,0,0,,0
CAM00594,L00594,Data Engineering,08-05-2026 22:00,08-05-2026 22:07,Delivered,1,0,,0
CAM00595,L00595,Oracle Services,09-05-2026 03:00,09-05-2026 03:08,Delivered,0,0,,0
CAM00596,L00596,Database Modernization,09-05-2026 08:00,09-05-2026 08:09,Delivered,1,0,,0
CAM00597,L00597,IT Consulting,09-05-2026 13:00,09-05-2026 13:04,Delivered,1,0,,0
CAM00598,L00598,Oracle Services,09-05-2026 18:00,09-05-2026 18:02,Delivered,1,0,,0
CAM00599,L00599,Oracle Services,09-05-2026 23:00,09-05-2026 23:04,Delivered,1,0,,0
CAM00600,L00600,Database Modernization,10-05-2026 04:00,10-05-2026 04:06,Delivered,0,0,,0
CAM00601,L00601,IT Consulting,10-05-2026 09:00,10-05-2026 09:02,Delivered,0,0,,0
CAM00602,L00602,Data Engineering,10-05-2026 14:00,10-05-2026 14:02,Delivered,0,0,,0
CAM00603,L00603,Oracle Services,10-05-2026 19:00,10-05-2026 19:14,Delivered,0,0,,0
CAM00604,L00604,Database Modernization,11-05-2026 00:00,11-05-2026 00:04,Delivered,0,0,,0
CAM00605,L00605,IT Consulting,11-05-2026 05:00,11-05-2026 05:11,Delivered,1,0,,0
CAM00606,L00606,Oracle Services,11-05-2026 10:00,11-05-2026 10:01,Bounced,0,0,,0
CAM00607,L00607,Data Engineering,11-05-2026 15:00,11-05-2026 15:14,Delivered,1,0,,0
CAM00608,L00608,Database Modernization,11-05-2026 20:00,11-05-2026 20:03,Delivered,0,0,,0
CAM00609,L00609,IT Consulting,12-05-2026 01:00,12-05-2026 01:05,Failed,0,0,,0
CAM00610,L00610,IT Consulting,12-05-2026 06:00,12-05-2026 06:11,Delivered,0,0,,0
CAM00611,L00611,IT Consulting,12-05-2026 11:00,12-05-2026 11:03,Bounced,0,0,,0
CAM00612,L00612,Oracle Services,12-05-2026 16:00,12-05-2026 16:08,Delivered,1,0,,0
CAM00613,L00613,Database Modernization,12-05-2026 21:00,12-05-2026 21:11,Delivered,0,0,,0
CAM00614,L00614,Data Engineering,13-05-2026 02:00,13-05-2026 02:00,Delivered,1,0,,0
CAM00615,L00615,Database Modernization,13-05-2026 07:00,13-05-2026 07:00,Delivered,0,0,,0
CAM00616,L00616,Data Engineering,13-05-2026 12:00,13-05-2026 12:11,Delivered,1,0,,0
CAM00617,L00617,Data Engineering,13-05-2026 17:00,13-05-2026 17:03,Delivered,1,0,,0
CAM00618,L00618,Database Modernization,13-05-2026 22:00,13-05-2026 22:13,Delivered,0,0,,0
CAM00619,L00619,Oracle Services,14-05-2026 03:00,14-05-2026 03:13,Delivered,0,0,,0
CAM00620,L00620,IT Consulting,14-05-2026 08:00,14-05-2026 08:13,Delivered,0,0,,0
CAM00621,L00621,IT Consulting,14-05-2026 13:00,14-05-2026 13:14,Delivered,0,0,,0
CAM00622,L00622,IT Consulting,14-05-2026 18:00,14-05-2026 18:12,Delivered,1,0,,0
CAM00623,L00623,Database Modernization,14-05-2026 23:00,14-05-2026 23:05,Bounced,0,0,,0
CAM00624,L00624,Database Modernization,15-05-2026 04:00,15-05-2026 04:14,Delivered,0,0,,0
CAM00625,L00625,Database Modernization,15-05-2026 09:00,15-05-2026 09:05,Delivered,0,0,,0
CAM00626,L00626,Oracle Services,15-05-2026 14:00,15-05-2026 14:08,Delivered,0,0,,0
CAM00627,L00627,Oracle Services,15-05-2026 19:00,15-05-2026 19:00,Delivered,1,0,,0
CAM00628,L00628,Database Modernization,16-05-2026 00:00,16-05-2026 00:14,Delivered,1,0,,0
CAM00629,L00629,IT Consulting,16-05-2026 05:00,16-05-2026 05:08,Bounced,0,0,,0
CAM00630,L00630,Oracle Services,16-05-2026 10:00,16-05-2026 10:14,Delivered,0,0,,0
CAM00631,L00631,Data Engineering,16-05-2026 15:00,16-05-2026 15:05,Delivered,1,0,,0
CAM00632,L00632,Data Engineering,16-05-2026 20:00,16-05-2026 20:04,Bounced,0,0,,0
CAM00633,L00633,Database Modernization,17-05-2026 01:00,17-05-2026 01:07,Delivered,0,0,,0
CAM00634,L00634,IT Consulting,17-05-2026 06:00,17-05-2026 06:12,Delivered,0,0,,0
CAM00635,L00635,Oracle Services,17-05-2026 11:00,17-05-2026 11:08,Delivered,0,0,,0
CAM00636,L00636,IT Consulting,17-05-2026 16:00,17-05-2026 16:11,Delivered,1,0,,0
CAM00637,L00637,Data Engineering,17-05-2026 21:00,17-05-2026 21:03,Delivered,0,0,,0
CAM00638,L00638,Database Modernization,18-05-2026 02:00,18-05-2026 02:11,Delivered,0,0,,0
CAM00639,L00639,IT Consulting,18-05-2026 07:00,18-05-2026 07:10,Delivered,0,0,,0
CAM00640,L00640,Database Modernization,18-05-2026 12:00,18-05-2026 12:13,Delivered,1,0,,0
CAM00641,L00641,IT Consulting,18-05-2026 17:00,18-05-2026 17:00,Delivered,0,0,,0
CAM00642,L00642,Oracle Services,18-05-2026 22:00,18-05-2026 22:05,Delivered,0,0,,0
CAM00643,L00643,Oracle Services,19-05-2026 03:00,19-05-2026 03:01,Delivered,0,0,,0
CAM00644,L00644,Data Engineering,19-05-2026 08:00,19-05-2026 08:06,Delivered,0,0,,0
CAM00645,L00645,IT Consulting,19-05-2026 13:00,19-05-2026 13:11,Delivered,0,0,,0
CAM00646,L00646,Oracle Services,19-05-2026 18:00,19-05-2026 18:09,Delivered,1,0,,0
CAM00647,L00647,IT Consulting,19-05-2026 23:00,19-05-2026 23:11,Delivered,0,0,,0
CAM00648,L00648,IT Consulting,20-05-2026 04:00,20-05-2026 04:11,Delivered,0,0,,0
CAM00649,L00649,Database Modernization,20-05-2026 09:00,20-05-2026 09:14,Delivered,1,0,,0
CAM00650,L00650,IT Consulting,20-05-2026 14:00,20-05-2026 14:13,Delivered,1,0,,0
CAM00651,L00651,IT Consulting,20-05-2026 19:00,20-05-2026 19:08,Delivered,0,0,,0
CAM00652,L00652,Oracle Services,21-05-2026 00:00,21-05-2026 00:13,Delivered,1,0,,0
CAM00653,L00653,IT Consulting,21-05-2026 05:00,21-05-2026 05:00,Delivered,0,0,,0
CAM00654,L00654,Data Engineering,21-05-2026 10:00,21-05-2026 10:10,Delivered,1,0,,0
CAM00655,L00655,Oracle Services,21-05-2026 15:00,21-05-2026 15:07,Delivered,1,0,,0
CAM00656,L00656,Data Engineering,21-05-2026 20:00,21-05-2026 20:14,Delivered,1,0,,0
CAM00657,L00657,Data Engineering,22-05-2026 01:00,22-05-2026 01:07,Delivered,0,0,,0
CAM00658,L00658,IT Consulting,22-05-2026 06:00,22-05-2026 06:02,Delivered,0,0,,0
CAM00659,L00659,IT Consulting,22-05-2026 11:00,22-05-2026 11:10,Delivered,1,0,,0
CAM00660,L00660,Database Modernization,22-05-2026 16:00,22-05-2026 16:14,Delivered,1,0,,0
CAM00661,L00661,Database Modernization,22-05-2026 21:00,22-05-2026 21:00,Delivered,1,0,,0
CAM00662,L00662,Oracle Services,23-05-2026 02:00,23-05-2026 02:00,Delivered,0,0,,0
CAM00663,L00663,Oracle Services,23-05-2026 07:00,23-05-2026 07:09,Delivered,0,0,,0
CAM00664,L00664,Data Engineering,23-05-2026 12:00,23-05-2026 12:08,Delivered,0,0,,0
CAM00665,L00665,IT Consulting,23-05-2026 17:00,23-05-2026 17:08,Delivered,1,0,,0
CAM00666,L00666,Oracle Services,23-05-2026 22:00,23-05-2026 22:01,Delivered,0,0,,0
CAM00667,L00667,Data Engineering,24-05-2026 03:00,24-05-2026 03:08,Bounced,0,0,,0
CAM00668,L00668,Data Engineering,24-05-2026 08:00,24-05-2026 08:08,Failed,0,0,,0
CAM00669,L00669,Oracle Services,24-05-2026 13:00,24-05-2026 13:12,Delivered,1,0,,0
CAM00670,L00670,Oracle Services,24-05-2026 18:00,24-05-2026 18:05,Delivered,1,0,,0
CAM00671,L00671,Database Modernization,24-05-2026 23:00,24-05-2026 23:05,Delivered,1,0,,0
CAM00672,L00672,Data Engineering,25-05-2026 04:00,25-05-2026 04:01,Bounced,0,0,,0
CAM00673,L00673,Database Modernization,25-05-2026 09:00,25-05-2026 09:08,Delivered,1,0,,0
CAM00674,L00674,IT Consulting,25-05-2026 14:00,25-05-2026 14:09,Delivered,0,0,,0
CAM00675,L00675,Database Modernization,25-05-2026 19:00,25-05-2026 19:04,Delivered,0,0,,0
CAM00676,L00676,Oracle Services,26-05-2026 00:00,26-05-2026 00:10,Delivered,0,0,,0
CAM00677,L00677,Oracle Services,26-05-2026 05:00,26-05-2026 05:14,Delivered,0,0,,0
CAM00678,L00678,Database Modernization,26-05-2026 10:00,26-05-2026 10:02,Delivered,0,0,,0
CAM00679,L00679,Database Modernization,26-05-2026 15:00,26-05-2026 15:08,Delivered,1,0,,0
CAM00680,L00680,Data Engineering,26-05-2026 20:00,26-05-2026 20:10,Delivered,1,0,,0
CAM00681,L00681,Database Modernization,27-05-2026 01:00,27-05-2026 01:00,Delivered,0,0,,0
CAM00682,L00682,Oracle Services,27-05-2026 06:00,27-05-2026 06:02,Delivered,0,0,,0
CAM00683,L00683,Oracle Services,27-05-2026 11:00,27-05-2026 11:05,Bounced,0,0,,0
CAM00684,L00684,Data Engineering,27-05-2026 16:00,27-05-2026 16:02,Delivered,0,0,,0
CAM00685,L00685,Database Modernization,27-05-2026 21:00,27-05-2026 21:05,Delivered,0,0,,0
CAM00686,L00686,Data Engineering,28-05-2026 02:00,28-05-2026 02:02,Delivered,0,0,,0
CAM00687,L00687,IT Consulting,28-05-2026 07:00,28-05-2026 07:13,Delivered,0,0,,0
CAM00688,L00688,Database Modernization,28-05-2026 12:00,28-05-2026 12:08,Delivered,0,0,,0
CAM00689,L00689,Data Engineering,28-05-2026 17:00,28-05-2026 17:04,Delivered,0,0,,0
CAM00690,L00690,IT Consulting,28-05-2026 22:00,28-05-2026 22:11,Delivered,0,0,,0
CAM00691,L00691,Oracle Services,29-05-2026 03:00,29-05-2026 03:00,Delivered,0,0,,0
CAM00692,L00692,Data Engineering,29-05-2026 08:00,29-05-2026 08:08,Delivered,0,0,,0
CAM00693,L00693,Database Modernization,29-05-2026 13:00,29-05-2026 13:10,Delivered,1,0,,0
CAM00694,L00694,Data Engineering,29-05-2026 18:00,29-05-2026 18:12,Delivered,1,0,,0
CAM00695,L00695,Data Engineering,29-05-2026 23:00,29-05-2026 23:03,Delivered,0,0,,0
CAM00696,L00696,Oracle Services,30-05-2026 04:00,30-05-2026 04:08,Delivered,1,0,,0
CAM00697,L00697,Oracle Services,30-05-2026 09:00,30-05-2026 09:11,Delivered,1,0,,0
CAM00698,L00698,Oracle Services,30-05-2026 14:00,30-05-2026 14:11,Delivered,0,0,,0
CAM00699,L00699,Oracle Services,30-05-2026 19:00,30-05-2026 19:02,Delivered,0,0,,0
CAM00700,L00700,Oracle Services,31-05-2026 00:00,31-05-2026 00:14,Delivered,0,0,,0
CAM00701,L00701,Data Engineering,31-05-2026 05:00,31-05-2026 05:04,Delivered,0,0,,0
CAM00702,L00702,IT Consulting,31-05-2026 10:00,31-05-2026 10:05,Delivered,1,0,,0
CAM00703,L00703,Database Modernization,31-05-2026 15:00,31-05-2026 15:02,Bounced,0,0,,0
CAM00704,L00704,IT Consulting,31-05-2026 20:00,31-05-2026 20:02,Delivered,0,0,,0
CAM00705,L00705,Data Engineering,01-06-2026 01:00,01-06-2026 01:03,Delivered,1,1,01-06-2026 22:03,1
CAM00706,L00706,IT Consulting,01-06-2026 06:00,01-06-2026 06:02,Delivered,0,0,,0
CAM00707,L00707,Data Engineering,01-06-2026 11:00,01-06-2026 11:10,Delivered,0,0,,0
CAM00708,L00708,Oracle Services,01-06-2026 16:00,01-06-2026 16:08,Delivered,0,0,,0
CAM00709,L00709,Data Engineering,01-06-2026 21:00,01-06-2026 21:05,Delivered,0,0,,0
CAM00710,L00710,Data Engineering,02-06-2026 02:00,02-06-2026 02:08,Delivered,0,0,,0
CAM00711,L00711,Data Engineering,02-06-2026 07:00,02-06-2026 07:09,Delivered,0,0,,0
CAM00712,L00712,IT Consulting,02-06-2026 12:00,02-06-2026 12:02,Delivered,1,1,04-06-2026 15:02,1
CAM00713,L00713,Oracle Services,02-06-2026 17:00,02-06-2026 17:04,Delivered,0,0,,0
CAM00714,L00714,Data Engineering,02-06-2026 22:00,02-06-2026 22:13,Delivered,1,0,,0
CAM00715,L00715,IT Consulting,03-06-2026 03:00,03-06-2026 03:00,Delivered,0,0,,0
CAM00716,L00716,Oracle Services,03-06-2026 08:00,03-06-2026 08:14,Delivered,1,0,,0
CAM00717,L00717,Database Modernization,03-06-2026 13:00,03-06-2026 13:14,Delivered,0,0,,0
CAM00718,L00718,IT Consulting,03-06-2026 18:00,03-06-2026 18:03,Delivered,0,0,,0
CAM00719,L00719,Oracle Services,03-06-2026 23:00,03-06-2026 23:04,Delivered,1,0,,0
CAM00720,L00720,Oracle Services,04-06-2026 04:00,04-06-2026 04:03,Delivered,0,0,,0
CAM00721,L00721,IT Consulting,04-06-2026 09:00,04-06-2026 09:08,Delivered,1,1,05-06-2026 11:08,0
CAM00722,L00722,Oracle Services,04-06-2026 14:00,04-06-2026 14:03,Failed,0,0,,0
CAM00723,L00723,Data Engineering,04-06-2026 19:00,04-06-2026 19:11,Delivered,1,0,,0
CAM00724,L00724,IT Consulting,05-06-2026 00:00,05-06-2026 00:05,Delivered,1,0,,0
CAM00725,L00725,Database Modernization,05-06-2026 05:00,05-06-2026 05:14,Delivered,0,0,,0
CAM00726,L00726,Database Modernization,05-06-2026 10:00,05-06-2026 10:12,Delivered,0,0,,0
CAM00727,L00727,Database Modernization,05-06-2026 15:00,05-06-2026 15:06,Delivered,0,0,,0
CAM00728,L00728,Database Modernization,05-06-2026 20:00,05-06-2026 20:08,Delivered,0,0,,0
CAM00729,L00729,Database Modernization,06-06-2026 01:00,06-06-2026 01:00,Delivered,0,0,,0
CAM00730,L00730,Data Engineering,06-06-2026 06:00,06-06-2026 06:01,Delivered,0,0,,0
CAM00731,L00731,IT Consulting,06-06-2026 11:00,06-06-2026 11:07,Delivered,0,0,,0
CAM00732,L00732,IT Consulting,06-06-2026 16:00,06-06-2026 16:07,Delivered,1,0,,0
CAM00733,L00733,IT Consulting,06-06-2026 21:00,06-06-2026 21:05,Failed,0,0,,0
CAM00734,L00734,Oracle Services,07-06-2026 02:00,07-06-2026 02:01,Delivered,0,0,,0
CAM00735,L00735,Database Modernization,07-06-2026 07:00,07-06-2026 07:12,Delivered,1,0,,0
CAM00736,L00736,IT Consulting,07-06-2026 12:00,07-06-2026 12:06,Delivered,1,0,,0
CAM00737,L00737,Data Engineering,07-06-2026 17:00,07-06-2026 17:07,Delivered,1,0,,0
CAM00738,L00738,Database Modernization,07-06-2026 22:00,07-06-2026 22:06,Delivered,1,0,,0
CAM00739,L00739,Database Modernization,08-06-2026 03:00,08-06-2026 03:07,Delivered,0,0,,0
CAM00740,L00740,Oracle Services,08-06-2026 08:00,08-06-2026 08:09,Delivered,1,0,,0
CAM00741,L00741,Database Modernization,08-06-2026 13:00,08-06-2026 13:11,Delivered,0,0,,0
CAM00742,L00742,Database Modernization,08-06-2026 18:00,08-06-2026 18:08,Delivered,0,0,,0
CAM00743,L00743,Database Modernization,08-06-2026 23:00,08-06-2026 23:02,Delivered,1,0,,0
CAM00744,L00744,Data Engineering,09-06-2026 04:00,09-06-2026 04:13,Delivered,0,0,,0
CAM00745,L00745,Database Modernization,09-06-2026 09:00,09-06-2026 09:04,Delivered,0,0,,0
CAM00746,L00746,Oracle Services,09-06-2026 14:00,09-06-2026 14:00,Delivered,0,0,,0
CAM00747,L00747,IT Consulting,09-06-2026 19:00,09-06-2026 19:00,Delivered,0,0,,0
CAM00748,L00748,Database Modernization,10-06-2026 00:00,10-06-2026 00:11,Delivered,0,0,,0
CAM00749,L00749,Database Modernization,10-06-2026 05:00,10-06-2026 05:05,Delivered,1,0,,0
CAM00750,L00750,Data Engineering,10-06-2026 10:00,10-06-2026 10:00,Delivered,1,0,,0
CAM00751,L00751,Data Engineering,10-06-2026 15:00,10-06-2026 15:12,Bounced,0,0,,0
CAM00752,L00752,Data Engineering,10-06-2026 20:00,10-06-2026 20:04,Delivered,1,1,11-06-2026 19:04,1
CAM00753,L00753,Oracle Services,11-06-2026 01:00,11-06-2026 01:14,Delivered,0,0,,0
CAM00754,L00754,Data Engineering,11-06-2026 06:00,11-06-2026 06:13,Delivered,1,0,,0
CAM00755,L00755,Oracle Services,11-06-2026 11:00,11-06-2026 11:00,Delivered,0,0,,0
CAM00756,L00756,IT Consulting,11-06-2026 16:00,11-06-2026 16:10,Delivered,1,0,,0
CAM00757,L00757,Database Modernization,11-06-2026 21:00,11-06-2026 21:09,Delivered,0,0,,0
CAM00758,L00758,Database Modernization,12-06-2026 02:00,12-06-2026 02:02,Delivered,0,0,,0
CAM00759,L00759,Database Modernization,12-06-2026 07:00,12-06-2026 07:05,Delivered,0,0,,0
CAM00760,L00760,Database Modernization,12-06-2026 12:00,12-06-2026 12:07,Delivered,0,0,,0
CAM00761,L00761,Data Engineering,12-06-2026 17:00,12-06-2026 17:02,Delivered,1,0,,0
CAM00762,L00762,Database Modernization,12-06-2026 22:00,12-06-2026 22:10,Delivered,0,0,,0
CAM00763,L00763,Oracle Services,13-06-2026 03:00,13-06-2026 03:04,Delivered,1,1,13-06-2026 06:04,1
CAM00764,L00764,Data Engineering,13-06-2026 08:00,13-06-2026 08:14,Delivered,0,0,,0
CAM00765,L00765,Database Modernization,13-06-2026 13:00,13-06-2026 13:12,Delivered,0,0,,0
CAM00766,L00766,Oracle Services,13-06-2026 18:00,13-06-2026 18:09,Delivered,1,1,17-06-2026 15:09,0
CAM00767,L00767,IT Consulting,13-06-2026 23:00,13-06-2026 23:01,Delivered,1,0,,0
CAM00768,L00768,Database Modernization,14-06-2026 04:00,14-06-2026 04:00,Delivered,1,0,,0
CAM00769,L00769,Data Engineering,14-06-2026 09:00,14-06-2026 09:02,Delivered,0,0,,0
CAM00770,L00770,Oracle Services,14-06-2026 14:00,14-06-2026 14:07,Delivered,0,0,,0
CAM00771,L00771,Database Modernization,14-06-2026 19:00,14-06-2026 19:11,Delivered,1,0,,0
CAM00772,L00772,Database Modernization,15-06-2026 00:00,15-06-2026 00:02,Delivered,1,0,,0
CAM00773,L00773,Oracle Services,15-06-2026 05:00,15-06-2026 05:10,Delivered,1,0,,0
CAM00774,L00774,IT Consulting,15-06-2026 10:00,15-06-2026 10:00,Delivered,0,0,,0
CAM00775,L00775,Database Modernization,15-06-2026 15:00,15-06-2026 15:03,Delivered,1,0,,0
CAM00776,L00776,Data Engineering,15-06-2026 20:00,15-06-2026 20:08,Delivered,1,1,18-06-2026 18:08,0
CAM00777,L00777,Data Engineering,16-06-2026 01:00,16-06-2026 01:12,Delivered,0,0,,0
CAM00778,L00778,Database Modernization,16-06-2026 06:00,16-06-2026 06:11,Delivered,1,0,,0
CAM00779,L00779,Data Engineering,16-06-2026 11:00,16-06-2026 11:07,Delivered,0,0,,0
CAM00780,L00780,Data Engineering,16-06-2026 16:00,16-06-2026 16:00,Delivered,0,0,,0
CAM00781,L00781,Oracle Services,16-06-2026 21:00,16-06-2026 21:04,Delivered,1,1,19-06-2026 20:04,1
CAM00782,L00782,Data Engineering,17-06-2026 02:00,17-06-2026 02:11,Delivered,0,0,,0
CAM00783,L00783,Oracle Services,17-06-2026 07:00,17-06-2026 07:01,Delivered,1,0,,0
CAM00784,L00784,Database Modernization,17-06-2026 12:00,17-06-2026 12:10,Delivered,1,0,,0
CAM00785,L00785,Database Modernization,17-06-2026 17:00,17-06-2026 17:10,Delivered,0,0,,0
CAM00786,L00786,Database Modernization,17-06-2026 22:00,17-06-2026 22:11,Delivered,0,0,,0
CAM00787,L00787,Oracle Services,18-06-2026 03:00,18-06-2026 03:03,Delivered,0,0,,0
CAM00788,L00788,Data Engineering,18-06-2026 08:00,18-06-2026 08:03,Delivered,1,0,,0
CAM00789,L00789,Database Modernization,18-06-2026 13:00,18-06-2026 13:02,Delivered,1,0,,0
CAM00790,L00790,Oracle Services,18-06-2026 18:00,18-06-2026 18:05,Delivered,1,0,,0
CAM00791,L00791,Oracle Services,18-06-2026 23:00,18-06-2026 23:07,Delivered,0,0,,0
CAM00792,L00792,Data Engineering,19-06-2026 04:00,19-06-2026 04:01,Delivered,0,0,,0
CAM00793,L00793,Data Engineering,19-06-2026 09:00,19-06-2026 09:08,Delivered,0,0,,0
CAM00794,L00794,Data Engineering,19-06-2026 14:00,19-06-2026 14:03,Delivered,0,0,,0
CAM00795,L00795,Data Engineering,19-06-2026 19:00,19-06-2026 19:08,Delivered,1,0,,0
CAM00796,L00796,IT Consulting,20-06-2026 00:00,20-06-2026 00:04,Delivered,0,0,,0
CAM00797,L00797,IT Consulting,20-06-2026 05:00,20-06-2026 05:14,Delivered,1,0,,0
CAM00798,L00798,IT Consulting,20-06-2026 10:00,20-06-2026 10:04,Delivered,1,0,,0
CAM00799,L00799,IT Consulting,20-06-2026 15:00,20-06-2026 15:13,Delivered,0,0,,0
CAM00800,L00800,IT Consulting,20-06-2026 20:00,20-06-2026 20:02,Delivered,0,0,,0
CAM00801,L00801,Database Modernization,21-06-2026 01:00,21-06-2026 01:01,Delivered,1,0,,0
CAM00802,L00802,Data Engineering,21-06-2026 06:00,21-06-2026 06:02,Delivered,1,0,,0
CAM00803,L00803,Data Engineering,21-06-2026 11:00,21-06-2026 11:06,Delivered,0,0,,0
CAM00804,L00804,Oracle Services,21-06-2026 16:00,21-06-2026 16:13,Delivered,1,0,,0
CAM00805,L00805,Data Engineering,21-06-2026 21:00,21-06-2026 21:02,Delivered,0,0,,0
CAM00806,L00806,Data Engineering,22-06-2026 02:00,22-06-2026 02:11,Delivered,0,0,,0
CAM00807,L00807,Data Engineering,22-06-2026 07:00,22-06-2026 07:10,Delivered,1,0,,0
CAM00808,L00808,IT Consulting,22-06-2026 12:00,22-06-2026 12:05,Delivered,1,0,,0
CAM00809,L00809,Data Engineering,22-06-2026 17:00,22-06-2026 17:05,Delivered,1,0,,0
CAM00810,L00810,IT Consulting,22-06-2026 22:00,22-06-2026 22:14,Delivered,0,0,,0
CAM00811,L00811,IT Consulting,23-06-2026 03:00,23-06-2026 03:10,Delivered,1,0,,0
CAM00812,L00812,IT Consulting,23-06-2026 08:00,23-06-2026 08:03,Delivered,0,0,,0
CAM00813,L00813,Database Modernization,23-06-2026 13:00,23-06-2026 13:13,Delivered,1,0,,0
CAM00814,L00814,Oracle Services,23-06-2026 18:00,23-06-2026 18:06,Delivered,0,0,,0
CAM00815,L00815,Database Modernization,23-06-2026 23:00,23-06-2026 23:01,Bounced,0,0,,0
CAM00816,L00816,Data Engineering,24-06-2026 04:00,24-06-2026 04:12,Delivered,1,0,,0
CAM00817,L00817,IT Consulting,24-06-2026 09:00,24-06-2026 09:13,Delivered,0,0,,0
CAM00818,L00818,IT Consulting,24-06-2026 14:00,24-06-2026 14:06,Delivered,0,0,,0
CAM00819,L00819,Data Engineering,24-06-2026 19:00,24-06-2026 19:10,Delivered,1,1,27-06-2026 21:10,0
CAM00820,L00820,Data Engineering,25-06-2026 00:00,25-06-2026 00:03,Delivered,1,0,,0
CAM00821,L00821,IT Consulting,25-06-2026 05:00,25-06-2026 05:12,Delivered,0,0,,0
CAM00822,L00822,Data Engineering,25-06-2026 10:00,25-06-2026 10:05,Delivered,1,0,,0
CAM00823,L00823,Oracle Services,25-06-2026 15:00,25-06-2026 15:04,Delivered,1,0,,0
CAM00824,L00824,Data Engineering,25-06-2026 20:00,25-06-2026 20:07,Delivered,1,0,,0
CAM00825,L00825,Database Modernization,26-06-2026 01:00,26-06-2026 01:04,Delivered,1,0,,0
CAM00826,L00826,Data Engineering,26-06-2026 06:00,26-06-2026 06:09,Delivered,0,0,,0
CAM00827,L00827,Data Engineering,26-06-2026 11:00,26-06-2026 11:11,Delivered,0,0,,0
CAM00828,L00828,Database Modernization,26-06-2026 16:00,26-06-2026 16:06,Delivered,0,0,,0
CAM00829,L00829,Database Modernization,26-06-2026 21:00,26-06-2026 21:11,Delivered,0,0,,0
CAM00830,L00830,Oracle Services,27-06-2026 02:00,27-06-2026 02:06,Delivered,1,1,30-06-2026 05:06,0
CAM00831,L00831,Database Modernization,27-06-2026 07:00,27-06-2026 07:14,Delivered,0,0,,0
CAM00832,L00832,IT Consulting,27-06-2026 12:00,27-06-2026 12:03,Delivered,1,0,,0
CAM00833,L00833,Data Engineering,27-06-2026 17:00,27-06-2026 17:10,Delivered,1,0,,0
CAM00834,L00834,IT Consulting,27-06-2026 22:00,27-06-2026 22:08,Delivered,0,0,,0
CAM00835,L00835,IT Consulting,28-06-2026 03:00,28-06-2026 03:14,Delivered,1,0,,0
CAM00836,L00836,IT Consulting,28-06-2026 08:00,28-06-2026 08:03,Delivered,1,0,,0
CAM00837,L00837,Oracle Services,28-06-2026 13:00,28-06-2026 13:02,Delivered,1,0,,0
CAM00838,L00838,Database Modernization,28-06-2026 18:00,28-06-2026 18:13,Delivered,0,0,,0
CAM00839,L00839,Oracle Services,28-06-2026 23:00,28-06-2026 23:13,Delivered,1,0,,0
CAM00840,L00840,Oracle Services,29-06-2026 04:00,29-06-2026 04:11,Bounced,0,0,,0
CAM00841,L00841,Oracle Services,29-06-2026 09:00,29-06-2026 09:07,Delivered,0,0,,0
CAM00842,L00842,Database Modernization,29-06-2026 14:00,29-06-2026 14:06,Delivered,0,0,,0
CAM00843,L00843,Oracle Services,29-06-2026 19:00,29-06-2026 19:09,Delivered,1,0,,0
CAM00844,L00844,IT Consulting,30-06-2026 00:00,30-06-2026 00:11,Delivered,0,0,,0
CAM00845,L00845,Data Engineering,30-06-2026 05:00,30-06-2026 05:04,Delivered,1,0,,0
CAM00846,L00846,Data Engineering,30-06-2026 10:00,30-06-2026 10:00,Delivered,0,0,,0
CAM00847,L00847,Data Engineering,30-06-2026 15:00,30-06-2026 15:01,Delivered,0,0,,0
CAM00848,L00848,IT Consulting,30-06-2026 20:00,30-06-2026 20:05,Delivered,1,0,,0
CAM00849,L00849,Oracle Services,01-07-2026 01:00,01-07-2026 01:10,Delivered,0,0,,0
CAM00850,L00850,Database Modernization,01-07-2026 06:00,01-07-2026 06:06,Delivered,0,0,,0
CAM00851,L00851,Database Modernization,01-07-2026 11:00,01-07-2026 11:09,Delivered,1,0,,0
CAM00852,L00852,Data Engineering,01-07-2026 16:00,01-07-2026 16:07,Delivered,1,0,,0
CAM00853,L00853,Data Engineering,01-07-2026 21:00,01-07-2026 21:03,Delivered,0,0,,0
CAM00854,L00854,IT Consulting,02-07-2026 02:00,02-07-2026 02:11,Delivered,0,0,,0
CAM00855,L00855,Data Engineering,02-07-2026 07:00,02-07-2026 07:10,Delivered,0,0,,0
CAM00856,L00856,Oracle Services,02-07-2026 12:00,02-07-2026 12:14,Delivered,1,0,,0
CAM00857,L00857,Data Engineering,02-07-2026 17:00,02-07-2026 17:12,Delivered,0,0,,0
CAM00858,L00858,IT Consulting,02-07-2026 22:00,02-07-2026 22:05,Delivered,0,0,,0
CAM00859,L00859,Data Engineering,03-07-2026 03:00,03-07-2026 03:10,Delivered,0,0,,0
CAM00860,L00860,Data Engineering,03-07-2026 08:00,03-07-2026 08:05,Delivered,0,0,,0
CAM00861,L00861,Oracle Services,03-07-2026 13:00,03-07-2026 13:13,Delivered,1,0,,0
CAM00862,L00862,Oracle Services,03-07-2026 18:00,03-07-2026 18:09,Delivered,0,0,,0
CAM00863,L00863,Oracle Services,03-07-2026 23:00,03-07-2026 23:12,Delivered,1,0,,0
CAM00864,L00864,Oracle Services,04-07-2026 04:00,04-07-2026 04:04,Delivered,1,0,,0
CAM00865,L00865,Database Modernization,04-07-2026 09:00,04-07-2026 09:00,Delivered,0,0,,0
CAM00866,L00866,IT Consulting,04-07-2026 14:00,04-07-2026 14:02,Delivered,1,0,,0
CAM00867,L00867,Database Modernization,04-07-2026 19:00,04-07-2026 19:07,Delivered,1,0,,0
CAM00868,L00868,Data Engineering,05-07-2026 00:00,05-07-2026 00:14,Delivered,1,0,,0
CAM00869,L00869,IT Consulting,05-07-2026 05:00,05-07-2026 05:09,Delivered,0,0,,0
CAM00870,L00870,IT Consulting,05-07-2026 10:00,05-07-2026 10:12,Delivered,0,0,,0
CAM00871,L00871,Data Engineering,05-07-2026 15:00,05-07-2026 15:07,Delivered,1,1,06-07-2026 00:07,1
CAM00872,L00872,IT Consulting,05-07-2026 20:00,05-07-2026 20:14,Delivered,1,0,,0
CAM00873,L00873,Database Modernization,06-07-2026 01:00,06-07-2026 01:14,Delivered,0,0,,0
CAM00874,L00874,Database Modernization,06-07-2026 06:00,06-07-2026 06:03,Delivered,1,1,06-07-2026 18:03,0
CAM00875,L00875,Database Modernization,06-07-2026 11:00,06-07-2026 11:12,Delivered,0,0,,0
CAM00876,L00876,IT Consulting,06-07-2026 16:00,06-07-2026 16:00,Delivered,0,0,,0
CAM00877,L00877,Database Modernization,06-07-2026 21:00,06-07-2026 21:08,Delivered,1,0,,0
CAM00878,L00878,IT Consulting,07-07-2026 02:00,07-07-2026 02:06,Delivered,0,0,,0
CAM00879,L00879,Oracle Services,07-07-2026 07:00,07-07-2026 07:04,Delivered,1,1,11-07-2026 17:04,0
CAM00880,L00880,Oracle Services,07-07-2026 12:00,07-07-2026 12:14,Delivered,0,0,,0
CAM00881,L00881,Data Engineering,07-07-2026 17:00,07-07-2026 17:09,Delivered,1,0,,0
CAM00882,L00882,IT Consulting,07-07-2026 22:00,07-07-2026 22:02,Delivered,0,0,,0
CAM00883,L00883,Data Engineering,08-07-2026 03:00,08-07-2026 03:02,Delivered,0,0,,0
CAM00884,L00884,Database Modernization,08-07-2026 08:00,08-07-2026 08:01,Delivered,0,0,,0
CAM00885,L00885,Oracle Services,08-07-2026 13:00,08-07-2026 13:04,Delivered,0,0,,0
CAM00886,L00886,Database Modernization,08-07-2026 18:00,08-07-2026 18:01,Delivered,1,0,,0
CAM00887,L00887,Database Modernization,08-07-2026 23:00,08-07-2026 23:03,Delivered,0,0,,0
CAM00888,L00888,Database Modernization,09-07-2026 04:00,09-07-2026 04:11,Delivered,0,0,,0
CAM00889,L00889,IT Consulting,09-07-2026 09:00,09-07-2026 09:13,Delivered,1,0,,0
CAM00890,L00890,IT Consulting,09-07-2026 14:00,09-07-2026 14:11,Delivered,1,1,12-07-2026 00:11,0
CAM00891,L00891,IT Consulting,09-07-2026 19:00,09-07-2026 19:07,Delivered,1,0,,0
CAM00892,L00892,Oracle Services,10-07-2026 00:00,10-07-2026 00:10,Delivered,1,0,,0
CAM00893,L00893,Oracle Services,10-07-2026 05:00,10-07-2026 05:14,Delivered,0,0,,0
CAM00894,L00894,Database Modernization,10-07-2026 10:00,10-07-2026 10:00,Delivered,1,0,,0
CAM00895,L00895,Data Engineering,10-07-2026 15:00,10-07-2026 15:13,Delivered,0,0,,0
CAM00896,L00896,Data Engineering,10-07-2026 20:00,10-07-2026 20:10,Delivered,0,0,,0
CAM00897,L00897,Database Modernization,11-07-2026 01:00,11-07-2026 01:05,Delivered,1,0,,0
CAM00898,L00898,Oracle Services,11-07-2026 06:00,11-07-2026 06:06,Delivered,0,0,,0
CAM00899,L00899,Database Modernization,11-07-2026 11:00,11-07-2026 11:06,Delivered,1,0,,0
CAM00900,L00900,IT Consulting,11-07-2026 16:00,11-07-2026 16:02,Delivered,1,0,,0
CAM00901,L00901,IT Consulting,11-07-2026 21:00,11-07-2026 21:03,Delivered,1,1,14-07-2026 01:03,1
CAM00902,L00902,IT Consulting,12-07-2026 02:00,12-07-2026 02:04,Delivered,1,0,,0
CAM00903,L00903,Data Engineering,12-07-2026 07:00,12-07-2026 07:00,Delivered,1,0,,0
CAM00904,L00904,Oracle Services,12-07-2026 12:00,12-07-2026 12:07,Delivered,1,0,,0
CAM00905,L00905,IT Consulting,12-07-2026 17:00,12-07-2026 17:07,Delivered,1,0,,0
CAM00906,L00906,Oracle Services,12-07-2026 22:00,12-07-2026 22:04,Delivered,1,0,,0
CAM00907,L00907,Database Modernization,13-07-2026 03:00,13-07-2026 03:02,Delivered,0,0,,0
CAM00908,L00908,IT Consulting,13-07-2026 08:00,13-07-2026 08:14,Delivered,1,0,,0
CAM00909,L00909,Data Engineering,13-07-2026 13:00,13-07-2026 13:10,Delivered,0,0,,0
CAM00910,L00910,Oracle Services,13-07-2026 18:00,13-07-2026 18:07,Delivered,0,0,,0
CAM00911,L00911,Data Engineering,13-07-2026 23:00,13-07-2026 23:10,Delivered,0,0,,0
CAM00912,L00912,Oracle Services,14-07-2026 04:00,14-07-2026 04:05,Delivered,0,0,,0
CAM00913,L00913,Database Modernization,14-07-2026 09:00,14-07-2026 09:03,Delivered,0,0,,0
CAM00914,L00914,IT Consulting,14-07-2026 14:00,14-07-2026 14:10,Delivered,0,0,,0
CAM00915,L00915,Database Modernization,14-07-2026 19:00,14-07-2026 19:11,Delivered,0,0,,0
CAM00916,L00916,IT Consulting,15-07-2026 00:00,15-07-2026 00:09,Delivered,0,0,,0
CAM00917,L00917,Data Engineering,15-07-2026 05:00,15-07-2026 05:08,Delivered,1,0,,0
CAM00918,L00918,Data Engineering,15-07-2026 10:00,15-07-2026 10:00,Delivered,0,0,,0
CAM00919,L00919,Data Engineering,15-07-2026 15:00,15-07-2026 15:09,Delivered,0,0,,0
CAM00920,L00920,Data Engineering,15-07-2026 20:00,15-07-2026 20:09,Delivered,1,0,,0
CAM00921,L00921,Oracle Services,16-07-2026 01:00,16-07-2026 01:06,Delivered,0,0,,0
CAM00922,L00922,IT Consulting,16-07-2026 06:00,16-07-2026 06:03,Delivered,0,0,,0
CAM00923,L00923,Database Modernization,16-07-2026 11:00,16-07-2026 11:14,Delivered,0,0,,0
CAM00924,L00924,Data Engineering,16-07-2026 16:00,16-07-2026 16:05,Delivered,1,0,,0
CAM00925,L00925,Data Engineering,16-07-2026 21:00,16-07-2026 21:04,Delivered,1,0,,0
CAM00926,L00926,Data Engineering,17-07-2026 02:00,17-07-2026 02:10,Bounced,0,0,,0
CAM00927,L00927,Database Modernization,17-07-2026 07:00,17-07-2026 07:07,Delivered,0,0,,0
CAM00928,L00928,IT Consulting,17-07-2026 12:00,17-07-2026 12:08,Delivered,0,0,,0
CAM00929,L00929,Oracle Services,17-07-2026 17:00,17-07-2026 17:09,Delivered,0,0,,0
CAM00930,L00930,Data Engineering,17-07-2026 22:00,17-07-2026 22:05,Delivered,1,0,,0
CAM00931,L00931,Data Engineering,18-07-2026 03:00,18-07-2026 03:02,Delivered,1,0,,0
CAM00932,L00932,Data Engineering,18-07-2026 08:00,18-07-2026 08:02,Delivered,0,0,,0
CAM00933,L00933,Oracle Services,18-07-2026 13:00,18-07-2026 13:14,Delivered,0,0,,0
CAM00934,L00934,Database Modernization,18-07-2026 18:00,18-07-2026 18:07,Delivered,0,0,,0
CAM00935,L00935,Oracle Services,18-07-2026 23:00,18-07-2026 23:06,Delivered,1,0,,0
CAM00936,L00936,Data Engineering,19-07-2026 04:00,19-07-2026 04:04,Delivered,1,0,,0
CAM00937,L00937,Data Engineering,19-07-2026 09:00,19-07-2026 09:10,Delivered,0,0,,0
CAM00938,L00938,Data Engineering,19-07-2026 14:00,19-07-2026 14:13,Delivered,0,0,,0
CAM00939,L00939,IT Consulting,19-07-2026 19:00,19-07-2026 19:11,Delivered,1,0,,0
CAM00940,L00940,Database Modernization,20-07-2026 00:00,20-07-2026 00:08,Delivered,0,0,,0
CAM00941,L00941,Database Modernization,20-07-2026 05:00,20-07-2026 05:07,Delivered,0,0,,0
CAM00942,L00942,Database Modernization,20-07-2026 10:00,20-07-2026 10:12,Delivered,0,0,,0
CAM00943,L00943,Oracle Services,20-07-2026 15:00,20-07-2026 15:12,Delivered,1,0,,0
CAM00944,L00944,IT Consulting,20-07-2026 20:00,20-07-2026 20:05,Delivered,1,0,,0
CAM00945,L00945,IT Consulting,21-07-2026 01:00,21-07-2026 01:14,Delivered,0,0,,0
CAM00946,L00946,Database Modernization,21-07-2026 06:00,21-07-2026 06:12,Delivered,0,0,,0
CAM00947,L00947,IT Consulting,21-07-2026 11:00,21-07-2026 11:12,Delivered,0,0,,0
CAM00948,L00948,Oracle Services,21-07-2026 16:00,21-07-2026 16:00,Delivered,0,0,,0
CAM00949,L00949,Oracle Services,21-07-2026 21:00,21-07-2026 21:01,Delivered,1,0,,0
CAM00950,L00950,Database Modernization,22-07-2026 02:00,22-07-2026 02:04,Delivered,1,0,,0
CAM00951,L00951,Database Modernization,22-07-2026 07:00,22-07-2026 07:11,Delivered,1,0,,0
CAM00952,L00952,Oracle Services,22-07-2026 12:00,22-07-2026 12:01,Failed,0,0,,0
CAM00953,L00953,Data Engineering,22-07-2026 17:00,22-07-2026 17:01,Delivered,1,1,24-07-2026 15:01,1
CAM00954,L00954,IT Consulting,22-07-2026 22:00,22-07-2026 22:00,Delivered,0,0,,0
CAM00955,L00955,Database Modernization,23-07-2026 03:00,23-07-2026 03:02,Delivered,0,0,,0
CAM00956,L00956,Database Modernization,23-07-2026 08:00,23-07-2026 08:13,Delivered,0,0,,0
CAM00957,L00957,Oracle Services,23-07-2026 13:00,23-07-2026 13:10,Delivered,0,0,,0
CAM00958,L00958,Database Modernization,23-07-2026 18:00,23-07-2026 18:10,Delivered,0,0,,0
CAM00959,L00959,IT Consulting,23-07-2026 23:00,23-07-2026 23:04,Delivered,0,0,,0
CAM00960,L00960,IT Consulting,24-07-2026 04:00,24-07-2026 04:09,Delivered,0,0,,0
CAM00961,L00961,Oracle Services,24-07-2026 09:00,24-07-2026 09:11,Delivered,1,0,,0
CAM00962,L00962,Oracle Services,24-07-2026 14:00,24-07-2026 14:07,Delivered,1,0,,0
CAM00963,L00963,IT Consulting,24-07-2026 19:00,24-07-2026 19:12,Delivered,0,0,,0
CAM00964,L00964,Oracle Services,25-07-2026 00:00,25-07-2026 00:08,Bounced,0,0,,0
CAM00965,L00965,Data Engineering,25-07-2026 05:00,25-07-2026 05:04,Delivered,0,0,,0
CAM00966,L00966,IT Consulting,25-07-2026 10:00,25-07-2026 10:09,Delivered,1,1,25-07-2026 21:09,1
CAM00967,L00967,IT Consulting,25-07-2026 15:00,25-07-2026 15:14,Delivered,0,0,,0
CAM00968,L00968,Data Engineering,25-07-2026 20:00,25-07-2026 20:12,Delivered,0,0,,0
CAM00969,L00969,Database Modernization,26-07-2026 01:00,26-07-2026 01:07,Delivered,0,0,,0
CAM00970,L00970,IT Consulting,26-07-2026 06:00,26-07-2026 06:08,Delivered,1,0,,0
CAM00971,L00971,Data Engineering,26-07-2026 11:00,26-07-2026 11:14,Delivered,0,0,,0
CAM00972,L00972,IT Consulting,26-07-2026 16:00,26-07-2026 16:11,Delivered,0,0,,0
CAM00973,L00973,Data Engineering,26-07-2026 21:00,26-07-2026 21:07,Failed,0,0,,0
CAM00974,L00974,IT Consulting,27-07-2026 02:00,27-07-2026 02:04,Delivered,1,0,,0
CAM00975,L00975,IT Consulting,27-07-2026 07:00,27-07-2026 07:13,Delivered,0,0,,0
CAM00976,L00976,Oracle Services,27-07-2026 12:00,27-07-2026 12:14,Delivered,1,0,,0
CAM00977,L00977,Database Modernization,27-07-2026 17:00,27-07-2026 17:01,Delivered,1,1,01-08-2026 01:01,0
CAM00978,L00978,IT Consulting,27-07-2026 22:00,27-07-2026 22:00,Delivered,1,0,,0
CAM00979,L00979,Oracle Services,28-07-2026 03:00,28-07-2026 03:01,Delivered,0,0,,0
CAM00980,L00980,Data Engineering,28-07-2026 08:00,28-07-2026 08:05,Delivered,0,0,,0
CAM00981,L00981,Database Modernization,28-07-2026 13:00,28-07-2026 13:02,Delivered,1,0,,0
CAM00982,L00982,Oracle Services,28-07-2026 18:00,28-07-2026 18:13,Delivered,1,0,,0
CAM00983,L00983,Data Engineering,28-07-2026 23:00,28-07-2026 23:13,Failed,0,0,,0
CAM00984,L00984,IT Consulting,29-07-2026 04:00,29-07-2026 04:02,Delivered,1,0,,0
CAM00985,L00985,IT Consulting,29-07-2026 09:00,29-07-2026 09:12,Delivered,0,0,,0
CAM00986,L00986,Database Modernization,29-07-2026 14:00,29-07-2026 14:02,Bounced,0,0,,0
CAM00987,L00987,Oracle Services,29-07-2026 19:00,29-07-2026 19:11,Delivered,1,1,03-08-2026 07:11,1
CAM00988,L00988,IT Consulting,30-07-2026 00:00,30-07-2026 00:05,Delivered,0,0,,0
CAM00989,L00989,IT Consulting,30-07-2026 05:00,30-07-2026 05:00,Delivered,1,0,,0
CAM00990,L00990,Data Engineering,30-07-2026 10:00,30-07-2026 10:06,Delivered,0,0,,0
CAM00991,L00991,Data Engineering,30-07-2026 15:00,30-07-2026 15:12,Delivered,0,0,,0
CAM00992,L00992,Data Engineering,30-07-2026 20:00,30-07-2026 20:14,Delivered,0,0,,0
CAM00993,L00993,Oracle Services,31-07-2026 01:00,31-07-2026 01:01,Delivered,0,0,,0
CAM00994,L00994,Oracle Services,31-07-2026 06:00,31-07-2026 06:12,Delivered,1,0,,0
CAM00995,L00995,Oracle Services,31-07-2026 11:00,31-07-2026 11:04,Delivered,0,0,,0
CAM00996,L00996,IT Consulting,31-07-2026 16:00,31-07-2026 16:06,Delivered,0,0,,0
CAM00997,L00997,Oracle Services,31-07-2026 21:00,31-07-2026 21:01,Delivered,1,1,05-08-2026 18:01,1
CAM00998,L00998,Data Engineering,01-08-2026 02:00,01-08-2026 02:14,Delivered,0,0,,0
CAM00999,L00999,Database Modernization,01-08-2026 07:00,01-08-2026 07:11,Delivered,0,0,,0
CAM01000,L01000,Oracle Services,01-08-2026 12:00,01-08-2026 12:09,Delivered,0,0,,0
